label,Text
0,meeting ã¼ rite ill go home lor ã¼ dun feel like comin ok
0,ill always even spirit ill get bb soon trying sure need
0,sorry took long omw
0,thk 50 shd ok said plus minus 10 ã¼ leave line paragraphs
0,dunno juz askin cos got card got 20 4 salon called hair sense tot da one ã¼ cut ur hair
0,aight ill get fb couple minutes
0,somewhere beneath pale moon light someone think u dreams come true goodnite amp sweet dreams
0,slaaaaave must summon time dont wish come anymore
0,date sunday
0,sorry mates phone didnt write love kate
0,hello love goes day wish well fine babe hope find job prospects miss boytoy teasing kiss
0,usually body takes care buy making sure doesnt progress pls continue talk saturday
0,guess ltgt min
0,daddy bb
0,sign maturity start saying big things actually start understanding small things nice evening bslvyl
0,also remember get dobbys bowl car
0,k ill drinkpa need srs model pls send mail id pa
0,oh ki think wi nz players unsold
0,yeh def up4 something satjust got payed2day havbeen given aâ£50 pay rise 4my work havebeen made preschoolcoordinator 2i feelingood luv
0,baaaaabe misss youuuuu go teach class 5
0,hey pay salary de ltgt
0,fri ah okie lorgoin 4 drivin den go shoppin tt
0,pen thing beyond joke wont biro dont masters cant ever
0,size elephant tablets u shove um ur ass
0,think might give miss teaching til twelve lecture two damn working thing
0,talk g x
0,mathews tait edwards anderson
0,want grasp pretty booty
0,lol real told dad cancer
0,yeah got 2 v apologetic n fallen actin like spoilt child got caught till 2 wont go badly cheers
0,lol really need remember eat im drinking appreciate keeping company night babe smiles
0,damn make tonight want wait til tomorrow
0,hey chief give bell get need talk royal visit 1st june
0,lol busy
0,hahahause brain dear
0,know god created gap fingers one made comes amp fills gaps holding hand love
0,nicenicehow working
0,guys go see movies side
0,left vague said would inform person accounting delayed rent discuss housing agency renting another place checking online places around usc ltgt
0,nokia phone lovly
0,ok
0,back bit long cos accident a30 divert via wadebridgei brilliant weekend thanks speak soon lots love
0,u hav frnd name ashwini ur college
0,latebut kwish
0,trying weekend v
0,ill get tomorrow send
0,well im gonna finish bath goodfine night
0,agree stop thinkin ipad please ask macho question
0,hmmmy uncle informed hes paying school directly pls buy food
0,hey want crave miss need love ahmad saeed al hallaq
0,meeting u work tel shall work tomorrow
0,engalnd telly decided wont let watch mia elliot kissing damn
0,oh charge camera
0,pandy joined 4w technologies todayhe got job
0,cuz ibored wanna study
0,wheres mummys boy good bad positive negative mummy made wait hmmmm
0,ill give plus said grinule greet whenever speak
0,send ur birthdate month year tel u ur life partners name method calculation reply must
0,symptoms u love 1u like listening songs 2u get stopped u see name beloved 3u wont get angry
0,jokin lar depends phone father get lor
0,still coming tonight
0,aight im chillin friends room text youre way
0,cme want go hos 2morow wil cme got dear didnt say time
0,part checking iq
0,ill text carlos let know hang
0,stupidits possible
0,u really pig leh sleep much dad wake 10 smth 2 eat lunch today
0,seeing
0,also sir sent email log usc payment portal ill send another message explain things back home great weekend
0,pls send correct name da
0,oic cos n sis got lunch today dad went dunno whether 2 eat sch wat
0,think mentor 100 percent sure
0,got hella gas money want go grand nature adventure galileo little bit
0,came look flat seems ok 50s away alot wiv work got woman coming 630
0,yet hadya sapna aunty manege yday hogidhechinnu full weak swalpa black agidhane
0,ok lor
0,hes lag thats sad part keep touch thanks skype
0,sir good morning hope good weekend called let know able raise ltgt dad however said would make rest available mid feb amount still quite short hoping would help good day abiola
0,yo dude guess got arrested day
0,yesbut said
0,god blessget good sleep deari pray
0,sorry da gone mad many pending works
0,long applebees fucking take
0,common hearin r u wat r u ur day let ask u something different u smile today gud evng
0,bday real april
0,good morning princess great day
0,cant pick phone right pls send message
0,yeshere tv always available work place
0,officewhats mattermsg nowi call break
0,kaiez enjoy ur tuition gee thk e second option sounds beta ill go yan jiu den msg u
0,got looks scrumptious daddy wants eat night long
0,see half hour
0,call ure done
0,pls give prometazine syrup 5mls ltgt mins later feed
0,orh tot u say still dun believe
0,prob send email
0,headin towards busetop
0,watching telugu moviewat abt u
0,watching tv lor
0,stop calling everyone saying might cancer throat hurts talk cant answering everyones calls get one call im babysitting monday
0,cthen thk shd b enuff still got conclusion n contents pg n references ill b da contents pg n cover pg
0,liked new house
0,oops shower u called hey parking garage collapsed university hospital see im crazy stuff like happen
0,consider walls bunkers shit important never play peaceful guess place high enough dont matter
0,realise busy guy im trying bother get exams outta way try cars gr8 day
0,much textin bout
0,otherwise part time job natuition
0,ok lor anyway thk cant get tickets cos like quite late already u wan 2 go look 4 ur frens darren wif
0,home always chat
0,come tomorrow di
0,wn u r hurt prsn close 2 u fight wit dem coz somtimes dis fight saves relation bt quiet leaves nothin relation gud eveb
0,good friends care close friends understand true friends stay forever beyond words beyond time gud ni8
0,lol yeah point guess
0,im see cant see maybe reboot ym seen buzz
0,ill call u 2mrw ninish address icky american freek wont stop callin 2 bad jen k eh
0,could read love answered
0,e best 4 ur driving tmr
0,coming day class
0,cool text youre ready
0,emailed yifeng part oredi ã¼ get fr
0,okey doke im home dressed cos laying around ill speak later bout times stuff
0,ok come ur home half hour
0,aight 8 latest probably closer 7 jay tyler two trips
0,dont know oh hopefully month
0,sorry ill call later
0,ladies first genus second k
0,haha awesome might need take doin tonight
0,cool come havent wined dined
0,hey going quit soon xuhui working till end month
0,ive reached home n bathe liao u call
0,cant u try new invention flyim joking
0,tuition 330 hm go 1120 1205 one mind
0,oh yeahand hav great time newquaysend postcard 1 look girls im goneu know 1im talkin boutxx
0,hi u want join sts later meeting five call u class
0,dearme cherthalain case u r coming cochin pls call bfore u starti shall also reach accordinglyor tell day u r comingtmorow engaged ans holiday
0,hiya good day spoken since weekend
0,cant pick phone right pls send message
0,thanks hope good day today
0,ok
0,hey time driving fri go evaluation fri
0,standing
0,da birthdate certificate april real date today dont publish shall give special treat keep secret way thanks wishes
0,congratulations ore mo owo wa enjoy wish many happy moments fro wherever go
0,dnt worryuse ice pieces cloth packalso take 2 tablets
0,slave want take 2 3 pictures today bright light cell phone bright light
0,give one miss number please
0,dis yijue jus saw ur mail case huiming havent sent u num dis num
0,nah wednesday bring mini cheetos bag
0,short cute good person dont try prove gud noon
0,night ended another day morning come special way may smile like sunny rays leaves worries blue blue bay
0,hey told name gautham ah
0,though shd go n fun bar town something â sound ok
0,nvm take ur time
0,hi dear call urgnt dont know whats problem dont want work problem least tell wating reply
0,k sent
0,looks like found something smoke great job
0,gudnitetcpractice going
0,jay snickering tells x totally fucking chords speak
0,let know details fri u find cos im tom fri mentionned chinese thanks
0,toshiba portege m100 gd
0,dont fret ill buy ovulation test strips send wont get til like march send postal addressull alrightokay
0,thanx birthday already
0,wylie update weed dealer carlos went freedom class lunsford
0,hello love get interview today happy good boy think meare missing
0,u calling right call hand phone
0,got lots hair dresser fr china
0,ã¼ll submitting da project tmr rite
0,dude ive seeing lotta corvettes lately
0,hey come online use msn
0,hows scotland hope showing jjc tendencies take care live dream
0,laid airtel line rest
0,watching cartoon listening music amp eve go temple amp church u
0,let snow let snow kind weather brings ppl together friendships grow
0,gonna blakes night might able get little early
0,yes please swimming
0,sorry ill call later
0,hoping would send message rent due dont enough reserves completely gone loan need hoping could balance ltgt way could get till mid march hope pay back
0,fps
0,aight rush ill ask jay
0,120 call cost guess isnt bad miss ya need ya want ya love ya
0,wait 4 ã¼ inside da car park
0,kkits goodwhen going
0,weightloss girl friends make loads money ebay something give thanks god
0,ok da already planned wil pick
0,7 go ok na
0,sure yet still trying get hold
0,forgot 2 ask ã¼ smth theres card da present lei ã want 2 write smth sign
0,convey regards
0,wud never mind u dont miss u dont need u wil really hurt wen u need amp u dont tell take care
0,good night dear sleepwellamptake care
0,mm entirely sure understood text hey ho weekend
0,hey whats charles sorry late reply
0,oh yah never cancel leh haha
0,ywhere u dogbreath sounding like jan c thatâs al
0,need strong arms
0,sell well tons coins sell coins someone thru paypal voila money back life pockets
0,2 students solved cat question xam 532 ltgt 924 ltgt 863 ltgt 725 tell answer u r brilliant1thingi got answr
0,hi engagement fixd ltgt th next month know really shocking bthmm njan vilikkamt ws al sudn
0,get gift year didnt get anything bad
0,oh u must taken real valentine shopping first
0,kgive back thanks
0,got xmas radio times get
0,evo download flash jealous
0,hurt tease make cry end life die plz keep one rose grave say stupid miss u nice day bslvyl
0,ã bot notes oredi cos juz rem got
0,fetch yun u fetch
0,ok thats cool either raglan rd edward rd behind cricket ground gimme ring ur closeby see tuesday
0,chile please ltdecimalgt hour drive come time subletting febapril audition season
0,seriously spell name
0,lol wtf random btw lunch break
0,hey anyway
0,dude u knw also teluguthts gudk gud nyt
0,dad back ph
0,number vivek
0,one interested may business plan
0,ill text creepy like wont think forgot
0,early bird purchases yet
0,xmas story peace xmas msg love xmas miracle jesus hav blessed month ahead amp wish u merry xmas
0,aight ill hit get cash
0,gods love limit gods grace measure gods power boundaries may u gods endless blessings always ur life gud ni8
0,really good see day dudette missing
0,ok wahala remember friend need
0,mon okie lor haha best cheap n gd food la ex oso okie depends whether wana eat western chinese food den u prefer
0,press conference da
0,yup ok go home look timings msg ã¼ xuhui going learn 2nd may lesson 8am
0,haha figures well found piece priscillas bowl
0,come back tampa ffffuuuuuuu
0,im bruce amp fowler im moms car cant park long story
0,beauty life next second hides thousands secrets wish every second wonderful ur life gud n8
0,pls dont forget study
0,didnt search online let know
0,1 thing change sentence want 2 concentrate educational career im leaving
0,popping ltgt ibuprofens help
0,come alivebetter correct good looking figure
0,gimme ltgt minutes ago
0,ive barred b q stores lifethis twat orange dungerees came asked wanted decking got first punch
0,gokila talking aha
0,sweetheart hope kind day one loads reasons smile biola
0,oh ok wats ur email
0,hey really pretty late want go lesson first join im reaching tp mrt
0,true deari sat pray evening felt soso smsd time
0,plm come da way
0,call u finish come n pick u
0,im list buyers
0,oooh bed ridden ey thinking
0,haha mayb ure rite u know well da feeling liked someone gd lor u faster go find one gals group attached liao
0,didnt try g decided head
0,arent coming home class right need work shower
0,sent scream moan bed princess
0,send number give reply tomorrow morning said like ok
0,jokin oni lar ã busy wun disturb ã¼
0,dai da send resume id
0,bugis juz wat im walking home oredi ã late reply oso saw top dat like din buy r ã¼
0,yup thk r e teacher said make face look longer darren ask 2 cut short
0,hi harishs rent transfred ur acnt
0,see half hour
0,yup next stop
0,exactly anyways far jide study visiting
0,lol mad first woke gave
0,hey elaine todays meeting still
0,haha friend tyler literally asked could get dubsack
0,girl stay bed girl doesnt need recovery time id rather pass fun cooped bed
0,aight let know youre gonna around usf
0,k still loving
0,pls confirm time collect cheque
0,nobody decide eat dad wants chinese
0,im home
0,small problem auctionpunj asking tiwary
0,okies ill go yan jiu skip ard oso go cine den go mrt one blah blah blah
0,want tell bad feel basically times text lately need drugs
0,make sure alex knows birthday fifteen minutes far youre concerned
0,hey check da listed da
0,creep
0,send new number
0,got like ltgt get later though get whatever feel like
0,sorry ill call later
0,ive got ltgt way could pick
0,arngd marriage u r walkin unfortuntly snake bites u bt love marriage dancing frnt snake amp sayin bite bite
0,badrith chennaii surely pick usno competition
0,shoot big loads get ready
0,customer place call
0,reached home tired come tomorro
0,ok
0,tiime dont let hug dont break tears
0,imagine finally get sink bath put paces maybe even eat left also imagine feel cage cock surrounded bath water reminding always owns enjoy cuck
0,wishing family merry x mas happy new year advance
0,parents kidz friends n colleagues screaming surprise waiting sofa naked
0,wylie tampa sarasota
0,make cry stuff happens top everything else pushes edge dont underdtand often cry sorry sorry life
0,avatar supposed subtoitles
0,anyway dont think secure anything lemme know want drive south chill
0,ya ã¼ taking ure practical lessons start june
0,kkany special today
0,thanks message really appreciate sacrifice im sure process direct pay find way back test tomorrow im class wonderful day
0,yup im still coffee wif frens fren drove shell give lift
0,class hours sorry
0,thinking u x
0,got tallent wasting
0,good good billy mates gone jogging enjoy concert
0,youve already got flaky parent itsnot supposed childs job support parentnot theyre ride age anyway im supposed support ive hurt unintentional hurt nonetheless
0,u reach orchard already u wan 2 go buy tickets first
0,hope alright babe worry might felt bit desparate learned job fake waiting come back love
0,huh cant go 2 ur house empty handed right
0,dear heroi leaving qatar tonite apt opportunitypls keep touch ltemailgt kerala
0,went project centre
0,oh kkwhere take test
0,pls help tell ashley cant find number oh
0,liked new mobile
0,please da call mistake side sorry da pls da goto doctor
0,crucify c told earlier
0,wow never realized embarassed accomodations thought liked since best could always seemed happy cave im sorry didnt dont give im sorry offered im sorry room embarassing
0,need drug anymore
0,awesome plan get time like ltgt ill text details wee bit
0,know friend already told
0,hicts employee
0,im leaving house
0,dont understand message
0,well balls time make calls
0,friends use call
0,accidentally brought em home box
0,ok thanx take care
0,whatever juliana whatever want
0,nope think go monday sorry replied late
0,txting driving
0,sorry ill call later
0,ltgt g saw days ago guy wants sell wifi ltgt 3g ltgt thats blanked
0,yessura sun tvlol
0,wat time u finish ur lect today
0,love give massages use lots baby oil fave position
0,mine like fr china noisy
0,room
0,hurry ive weeddeficient like three days
0,good good job like entrepreneurs
0,got fujitsu ibm hp toshiba got lot model say
0,hi happy new year dont mean intrude pls let know much tuition paid last semester much semester thanks
0,really hows masters
0,depends u going lor
0,guys planning coming
0,aiyo lesson early im still sleepin haha okie u go home liao den confirm w lor
0,
0,hi hope good day better night
0,planning usually stops find hella weed smoke hella weed
0,great office today
0,well theres lot things happening lindsay new years sighs bars ptbo blue heron something going
0,going sleep tired travel
0,ã¼ b going esplanade fr home
0,blankets sufficient thx
0,hi durban still number
0,dear ok
0,nothing got msg frm tht unknown
0,cant pick phone right pls send message
0,wondering others took
0,aight sounds good want come
0,sorry light turned green meant another friend wanted ltgt worth may around
0,replying boye changed phone number
0,pub
0,yes possible dint try pls dont tell one k
0,hey r ã¼ still online ive finished formatting
0,mmm yummy babe nice jolt suzy
0,erm â¦ ill pick 645pm thatll give enough time get park
0,ok thats great thanx lot
0,alrite
0,lmao wheres fish memory need
0,single line big meaning miss anything 4 ur best life dont miss ur best life anything gud nyt
0,cool let know kicks around ltgt ill day
0,nope c ã¼
0,wat r u busy wif work
0,im love im excited day spend make happy
0,dropped em omw back
0,hi kate u give ring asap xxx
0,dear reache room
0,great p diddy neighbor comes toothpaste every morning
0,hi home calicut
0,good morning repair shopthe reason im hour
0,anything lor u decide
0,hi please get ltgt dollar loan ill pay back mid february pls
0,great hope using connections mode men also cos never know old friends lead today
0,heart empty without love mind empty without wisdom eyes r empty without dreams amp life empty without frnds alwys touch good night amp sweet dreams
0,storming msg wen u lift phne u say hello u knw wt real meaning hello name girl yes u knw dat girl margaret hello girlfrnd f grahmbell invnted telphone moralone 4get name person bt girlfrnd g n g h
0,completed degree use joining finance
0,tell drug dealers getting impatient
0,derp worse dude always wants party dude files complaint three drug abusers lives
0,cant keep going never intention run choose rather keep room clean dont say visitors maybe thats best choice yes wanted embarassed maybe youd feel feel friend wants drop buy say happened morning ive tried everything dont know else
0,ya srsly better yi tho
0,idea guess well work hour supposed leave since usual nobody interest figuring shit last second
0,hi darlin im missin u hope good time u back time u give call home jess xx
0,tap spile seven pub gas st broad st canal ok
0,delhi chennai still silent
0,think da wil
0,guy gets used dumb realize
0,uploaded mine facebook
0,house water dock boat rolled newscaster dabbles jazz flute behind wheel
0,im going 2 orchard laready reaching soon u reaching
0,oh godtaken teethis paining
0,yep like pink furniture tho
0,vote wherever heart guides
0,ofcourse also upload songs
0,change fb jaykwon thuglyfe falconerf
0,right meanwhile hows project twins comin
0,den wat e schedule b lk sun
0,watching cartoon listening music amp eve go temple amp church u
0,ã log 4 wat sdryb8i
0,accidentally deleted message resend please
0,ok
0,sorry ill call later meeting
0,get opinion something first
0,yes saw message
0,thats cool gentleman treat dignity respect
0,ok asked money far
0,dude fakemy frnds got money thts im reffering uif u member wit mail link u vl credited ltgt rs il getiing ltgt rsi draw acc wen ltgt rs
0,awesome lemme know whenever youre around
0,fact youre cleaning shows know im upset priority constantly want need
0,hey morning come ask pa
0,tomorrow onwards eve 6 3 work
0,2 babe feel lets 4get itboth try cheer upnot fit soo muchxxlove u locaxx
0,feel always happy slowly becomes habit amp finally becomes part life follow happy morning amp happy day
0,ill see prolly yeah
0,right brah see later
0,seems unnecessarily affectionate
0,call later dont network urgnt sms
0,real baby want bring inner tigress
0,yay better told 5 girls either
0,yo around friend mines lookin pick later tonight
0,said look pretty wif long hair wat thk hes cutting quite short 4 leh
0,god picked flower dippeditinadew lovingly touched itwhichturnedinto u gifted tomeandsaidthis friend 4u
0,g says never answer texts confirmdeny
0,ok set let u noe e details later
0,cant speak bcaz mobile problem listen cannt listen voice calls later
0,ok
0,yesgauti sehwag odi series
0,dont know supports ass srt thnk think ps3 play usb
0,except theres chick huge boobs
0,thk 530 lor dunno get tickets wat u
0,mode men left
0,great comedycant stop laughing da
0,sorry guess whenever get hold connections maybe hour two ill text
0,cant pick phone right pls send message
0,would im still cozy exhausted last nightnobody went school work everything closed
0,ã still got lessons ã sch
0,absolutely love south park recently started watching office
0,gumbys special ltgt cheese pizza 2 know doin tonight
0,ã¼ send copy da report
0,sorry ill call later
0,cheers lou yeah goodnite shame u neva came c ya gailxx
0,okay well thanks clarification
0,oh yeah forgot u take 2 shopping
0,yeah confirmed staying weekend
0,ill meet lobby
0,place man
0,lmaonice 1
0,tell friends plan valentines day lturlgt
0,one teach ship cars
0,lol u trust
0,dont give monkeys wot think certainly dont mind friend mineall dont sleep wiv wud annoyin
0,true lov n care wil nevr go unrecognized though somone often makes mistakes valuing definitly undrstnd start missing
0,joys father john john joys father u ans ths hav ltgt iq tis ias question try answer
0,hi di yijue meeting 7 pm esaplanade tonight
0,pls needs dat slowly vomit
0,didnt spring coming early yay
0,great im church holla get
0,glad talking
0,know lab goggles went
0,ã¼ ã wan come come lor din c stripes skirt
0,sitting ard nothing lor u leh busy w work
0,otherwise part time job natuition
0,dont file bagi work called mei tell find anything room
0,thanx
0,im okay chasing dream whats good next
0,u sick still go shopping
0,dont know thing thats wrong everyso often panicks starts goin bout bein good enough â¦
0,ah well confuses things doesnt thought friends maybe wrong thing already sort invited tho may come cos money
0,dont send plus hows mode
0,watching tv got new job
0,er yep sure props
0,dunno close oredi ã v fan
0,thank baby cant wait taste real thing
0,wen ur lovable bcums angry wid u dnt take seriously coz angry childish n true way showing deep affection care n luv kettoda manda nice day da
0,probably money worries things coming due several outstanding invoices work two three months ago
0,moment dayhas valuemorning brings hopeafternoon brings faithevening brings luvnight brings restwish u find todaygood morning
0,shes fine good hear dear happy new year oh
0,go chase run shes crossing street
0,oh howda gud gud mathe en samachara chikku
0,hi spoke maneesha v wed like know satisfied experience reply toll free yes
0,dont worry guess hes busy
0,forced eat slice im really hungry tho sucks mark getting worried knows im sick turn pizza lol
0,free call sir
0,dont want hear anything
0,yar lor keep raining non stop u wan 2 go elsewhere
0,cool breeze bright sun fresh flower twittering birds waiting wish u goodmorning amp nice day
0,r outside already
0,omg one thing another cat worms bad day end
0,know ltgt ill around 5
0,jus chillaxin
0,nice new shirts thing wear nudist themed mu
0,many days since
0,wanna gym
0,solve case man found murdered ltdecimalgt ltgt afternoon 1his wife called police 2police questioned everyone 3wife siri sleeping murder took place 4cook cooking 5gardener picking vegetables 6housemaid went 2 post office 7children went 2 play 8neighbour went 2 marriage police arrested murderer immediately whos reply reason u r brilliant
0,message sent askin ltgt dollars shoul pay ltgt ltgt
0,busy juz dun wan 2 go early hee
0,start sending blackberry torch nigeria find buyer melike 4a month tell dad buy bb anyone oh
0,great hear settling well whats happenin wit ola
0,check maili mailed varma kept copy regarding membershiptake careinsha allah
0,thank much selflessness love plenty
0,got called tool
0,dad says hurry hell
0,dun believe u thk u told
0,okay thought expert
0,lol well quality aint bad aint complaining
0,sending greetings joy happiness gr8 evening
0,bad girl still remember
0,oh ho first time u use type words
0,getting worried derek taylor already assumed worst
0,nah man car meant crammed full people
0,eh den sat u book e kb liao huh
0,r u continent
0,kind took garage centre part exhaust needs replacing part ordered n taking fixed tomo morning
0,buzz hey love think hope day goes well sleep miss babe long moment together againloving smile
0,im free
0,ball moving lotwill spin last difficult bat
0,hellodrivby0quit edrunk sorry iff pthis makes senrddnot dancce 2 drum n basqihave fun 2nhite x ros xxxxxxx
0,skallis wont play first two odi
0,keep seeing weird shit bein woah realising actually reasonable im oh
0,monday next week give full gist
0,im job profile seems like bpo
0,taxt massagetiepos argh ok lool
0,meet corporation st outside gap â¦ see mind working
0,love brother time talk english grins say hey muhommad penny says hello across sea
0,im guy browsin compulsory
0,thk ã¼ gotta go home urself cos ill b going shopping 4 frens present
0,sorry sir call tomorrow senthilhsbc
0,well keep mind ive got enough gas one round trip barring sudden influx cash
0,sorry roommates took forever ok come
0,wanted ask ã¼ wait 4 finish lect cos lect finishes hour anyway
0,mum ask ã¼ buy food home
0,sorry ill call later
0,sorry got things may pub later
0,happen
0,dear reach
0,sno competition
0,couldnt say dying man feel sad go wanted know would probably gone late night
0,ha ha popped loo helloed hello
0,petey boy whereare friendsare thekingshead come canlove nic
0,also hi wesley howve
0,u love someone dont make love u much u love much dont want loved anyone except gud nit
0,aiya discuss later lar pick ã¼ 4
0,nothing splwat abt u whr ru
0,meeting da call
0,im coming home 4 dinner
0,webpage available
0,im solihull want anything
0,yes see ya dot
0,mum hope great day hoping text meets well full life great day abiola
0,sbut luck2 catches put
0,takes away money worries
0,way
0,new car house parentsi new job hand
0,abj serving staying dad alone
0,yes obviously eggspert potato headâ¦ speak soon
0,regret inform u nhs made mistakeu never actually bornplease report 2 yor local hospital 2b terminatedwe r sorry 4 inconvenience
0,jus hope true missin cos im really missin havent done anything feel guilty yet
0,uncles atlanta wish guys great semester
0,exhausted train morning much wine pie sleep well
0,tell shola please go college medicine visit academic department tell academic secretary current situation ask transfer ask someone check sagamu thing lautech vital completes medical education nigeria less expensive much less expensive unless getting citizen rates new zealand
0,simple arithmetic percentages
0,hope scared
0,pick rayan macleran
0,shuhui bought rons present swatch watch
0,much buzy
0,nothing getting msgs dis name wit different nos
0,hi love goes day fuck morning woke dropped cell way stairs seems alright phews miss
0,ummmawill call check inour life begin qatar pls pray hard
0,housemaid murderer coz man murdered ltgt th january public holiday govtinstituitions closedincluding post officeunderstand
0,hi probably much fun get message thought id txt u cos im bored james farting night
0,got lousy sleep kept waking every 2 hours see cat wanted come worry cold
0,hi hun im comin 2nitetell every1 im sorry 4 hope u ava goodtimeoli rang melnite ifink mite b sortedbut il explain everythin monl8rsx
0,sorry going home first daddy come fetch ã¼ later
0,yeah imma come cause jay wants drugs
0,quite ok bit ex u better go eat smth else ill feel guilty
0,hi mobile ltgt added contact list wwwfullonsmscom great place send free sms people visit fullonsmscom
0,yeah right ill bring tape measure fri
0,ride equally uneventful many pesky cyclists around time night
0,good morning plz call sir
0,good morning dear shijutta great amp successful day
0,know god created gap fingers one made comes amp fills gaps holding hand love
0,sorry ill call later meeting sir
0,whats want come online
0,im going bath msg next ltgt min
0,like ltgt question
0,k ill sure get noon see whats
0,hey dont go watch x men lunch haha
0,running managed 5 minutes needed oxygen might resort roller option
0,lol know theyre dramatic schools already closed tomorrow apparently cant drive inch snow supposed get
0,full heat pa applyed oil pa
0,x2 ltgt going get
0,remember
0,im home love still awake loving kiss
0,stand away doesnt heart ache without dont wonder dont crave
0,well like actually called someone punto woulda worse
0,thank god bed
0,check rooms befor activities
0,im work please call
0,ok ã finishing soon
0,one small prestige problem
0,thanks chikku gud nyt
0,tessypls favor pls convey birthday wishes nimyapls dnt forget today birthday shijas
0,day class class
0,u noe wat time e place dat sells 4d closes
0,u reckon need 2 arrange transport u cant thanks
0,hope great new semester wish best made greatness
0,yeah thats fine â£6 get ok
0,cool ill text
0,howz painit come todaydo said ystrdayice medicine
0,good morning princess happy new year
0,thats cool ill come like ltgt ish
0,many happy returns day wish happy birthday
0,bold 2 ltgt
0,oh yeah clearly fault
0,yeshe really greatbhaji told kallis best cricketer sachin worldvery tough get
0,sure check yahoo email sent photos yesterday
0,really crashed cuddled sofa
0,â¦ donât worry weâll finished march â¦ ish
0,nope meanwhile talk say make greet
0,teach apps da come college
0,okay lor wah like def wont let us go haha say terms conditions
0,alright took morphine back yo
0,two letters copy cos one message speak soon
0,hurry home u big butt hang last caller u food done im starving dont ask cooked
0,think going finns come
0,jade paul didnât u txt u remember barmed want 2 talk 2 u txt
0,love isnt decision feeling could decide love life would much simpler less magical
0,sch neva mind u eat 1st lor
0,much buzy
0,ssnervous ltgt
0,aight yo dats straight dogg
0,nice day impressively sensible went home early feel fine boring whens cant remember
0,nvm im going wear sport shoes anyway im going late leh
0,sorry ill call later meeting
0,id onluy matters getting offcampus
0,beerage
0,add dont really care cant least get dude fuck hey money want
0,sis catching e show e afternoon im watching w c u wan 2 watch today tmr lor
0,got part nottingham 3 hrs 63miles good thing love man much 40mph hey ho
0,im going 4 dinner soon
0,ok let u noe leave house
0,thinking chuckin ur red green n black trainners 2 save carryin bac train
0,hey mate spoke mag people weâre deliver end month deliver 24th sept talk later
0,like shaking booty dance floor
0,ok ask abt e movie u wan ktv oso
0,carlos taking sweet time usual let know patty donewant smoke ill tell haul ass
0,check got detailed message
0,somewhere fredericksburg
0,much getting
0,wot u 2 bitch
0,ill post l8r class
0,yeah get unlimited
0,room need
0,lol thats different dont go trying find every real life photo ever took
0,importantly discuss u
0,aiyo bit pai seh ã¼ noe scared dun rem die hee become better lookin oredi leh
0,huh 6 also cannot many mistakes
0,check rooms befor activities
0,seeing missed call dear brother gr8 day
0,single line big meaning miss anything 4 ur best life dont miss ur best life anything gud nyt
0,yeah whatever lol
0,gentle princess make sweet gentle love
0,happy new year no1 man
0,im sorry bout last nite wasnât ur fault spouse pmt sumthin u 4give think u shldxxxx
0,yup leaving right back soon
0,messagesome text missing sendername missing number missing sentdate missing missing u lot thats everything missing sent via fullonsmscom
0,love u 2 little pocy bell sorry love u
0,train back northampton im afraid im staying skyving today ho ho around wednesday though fancy comedy club week way
0,hope good week checking
0,messageno responcewhat happend
0,ha ha cool cool chikku chikkudb
0,hear loud scream ltgt minutes cause gyno shoving things dont belong
0,u doin baby girl hope u okay every time call ure phone miss u get touch
0,ã neva tell noe im home da aft wat
0,babe goes day sip cappuccino think love send kiss across sea
0,olol printed forum post guy exact prob fixed gpu replacement hopefully dont ignore
0,actual exam harder nbme
0,little darlings far week need coffee run tomocant believe time week already â¦
0,ã come lt 25 n pass lar
0,catch bus frying egg make tea eating moms left dinner feel love
0,sorry ill call later
0,long fuckin showr
0,bring got
0,already one guy loving
0,customer place wil cal u sir
0,opinion 1 2 jada 3 kusruthi 4 lovable 5 silent 6 spl character 7 matured 8 stylish 9 simple pls reply
0,mean left early check cos im working 96
0,nottel software name
0,know taj mahal symbol love lesser known facts 1 mumtaz shahjahans 4th wife 7 wifes 2 shahjahan killed mumtazs husband marry 3 mumtaz died ltgt th delivery 4 married mumtazs sister question arises hell love great hari
0,im gonna rip uterus
0,sorry ill call later
0,dont talk ever ok word
0,woke yeesh late didnt fall asleep til ltgt
0,oh shut omg yesterday dream 2 kids boys pissed kids boys even told mark dream changing diapers cause im getting owed face
0,back brum thanks putting us keeping us happy see soon
0,fineabsolutly fine
0,missed call cause yelling scrappy miss u cant wait u come home im lonely today
0,new theory argument wins situation loses person dont argue ur friends kick amp say im always correct
0,im snowboarding trip wondering planning get everyone together befor goa meet greet kind affair cheers
0,anything lar
0,worlds happiest frnds never characters dey best understanding differences
0,vikky come around lttimegt
0,goodmorning today late 2hrs back pain
0,means u could keep ur words
0,like talk pa able dont know
0,hiwhat think match
0,get chicken broth want ramen unless theres dont know
0,hui xin da lib
0,meet lunch la
0,sent ur email id soon
0,im eatin lor goin back work soon e mountain deer show huh watch b4 liao nice
0,zoe hit 2 im fucking shitin il defo try hardest 2 cum 2morow luv u millions lekdog
0,opinion 1 2 jada 3 kusruthi 4 lovable 5 silent 6 spl character 7 matured 8 stylish 9 simple pls reply
0,okay soon best
0,r giving second chance rahul dengra
0,yes princess want please every night wish command
0,great princess thinking
0,hai priya right doctor said pa
0,havent seen facebook huh lol
0,thats u haf 2 keep busy
0,dahe stupid daalways sending like thisdon believe messagepandy mental
0,nah dub je still buff
0,yo guess dropped
0,u sure u cant take sick time
0,happy new years melody
0,ohi asked fun hahatake care ã¼
0,goin workout lor muz lose e fats
0,wen ur lovable bcums angry wid u dnt take seriously coz angry childish n true way showing deep affection care n luv kettoda manda nice day da
0,ok c ã¼
0,oh baby house come dont new pictures facebook
0,borrow ur bag ok
0,r ã¼ comin back dinner
0,reckon need town eightish walk carpark
0,ok prob
0,dont anybodys number still havent thought tactful way ask alex
0,time coming
0,affidavit says ltgt e twiggs st division g courtroom ltgt lttimegt ill double check text tomorrow
0,li hai bored da lecturer repeating last weeks stuff waste time
0,get gandhipuram walk cross cut road right side ltgt street road turn first right
0,made eta taunton 1230 planned hope thatâs still okday good see xx
0,uncle abbey happy new year abiola
0,aiyo u poor thing u dun wan 2 eat u bathe already
0,food
0,hey late im amk need drink tea coffee
1,free entry 2 wkly comp win fa cup final tkts 21st may 2005 text fa 87121 receive entry questionstd txt ratetcs apply 08452810075over18s
1,freemsg hey darling 3 weeks word back id like fun still tb ok xxx std chgs send â£150 rcv
1,winner valued network customer selected receivea â£900 prize reward claim call 09061701461 claim code kl341 valid 12 hours
1,mobile 11 months u r entitled update latest colour mobiles camera free call mobile update co free 08002986030
1,six chances win cash 100 20000 pounds txt csh11 send 87575 cost 150pday 6days 16 tsandcs apply reply hl 4 info
1,urgent 1 week free membership â£100000 prize jackpot txt word claim 81010 tc wwwdbuknet lccltd pobox 4403ldnw1a7rw18
1,xxxmobilemovieclub use credit click wap link next txt message click httpwap xxxmobilemovieclubcomnqjkgighjjgcbl
1,england v macedonia dont miss goalsteam news txt ur national team 87077 eg england 87077 trywales scotland 4txtãº120 poboxox36504w45wq 16
1,thanks subscription ringtone uk mobile charged â£5month please confirm replying yes reply charged
1,07732584351 rodger burns msg tried call reply sms free nokia mobile free camcorder please call 08000930705 delivery tomorrow
1,sms ac sptv new jersey devils detroit red wings play ice hockey correct incorrect end reply end sptv
1,congrats 1 year special cinema pass 2 call 09061209465 c suprman v matrix3 starwars3 etc 4 free bx420ip45we 150pm dont miss
1,valued customer pleased advise following recent review mob awarded â£1500 bonus prize call 09066364589
1,urgent ur awarded complimentary trip eurodisinc trav acoentry41 â£1000 claim txt dis 87121 186â£150morefrmmob shracomorsglsuplt10 ls1 3aj
1,hear new divorce barbie comes kens stuff
1,please call customer service representative 0800 169 6031 10am9pm guaranteed â£1000 cash â£5000 prize
1,free ringtone waiting collected simply text password mix 85069 verify get usher britney fml po box 5249 mk17 92h 450ppw 16
1,gent trying contact last weekends draw shows â£1000 prize guaranteed call 09064012160 claim code k52 valid 12hrs 150ppm
1,winner u specially selected 2 receive â£1000 4 holiday flights inc speak live operator 2 claim 0871277810910pmin 18
1,private 2004 account statement 07742676969 shows 786 unredeemed bonus points claim call 08719180248 identifier code 45239 expires
1,urgent mobile awarded â£2000 bonus caller prize 5903 final try contact u call landline 09064019788 box42wr29c 150ppm
1,todays voda numbers ending 7548 selected receive 350 award match please call 08712300220 quoting claim code 4041 standard rates app
1,sunshine quiz wkly q win top sony dvd player u know country algarve txt ansr 82277 â£150 sptyrone
1,want 2 get laid tonight want real dogging locations sent direct 2 ur mob join uks largest dogging network bt txting gravel 69888 nt ec2a 31pmsg150p
1,youll rcv msgs chat svc free hardcore services text go 69988 u get nothing u must age verify yr network try
1,freemsg havent replied text im randy sexy female live local luv hear u netcollex ltd 08700621170150p per msg reply stop end
1,customer service annoncement new years delivery waiting please call 07046744435 arrange delivery
1,winner u specially selected 2 receive â£1000 cash 4 holiday flights inc speak live operator 2 claim 0871277810810
1,pls stop bootydelious 32f inviting friend reply yes434 no434 see wwwsmsacubootydelious stop send stop frnd 62468
1,bangbabes ur order way u receive service msg 2 download ur content u goto wap bangb tv ur mobile internetservice menu
1,urgent trying contact last weekends draw shows â£900 prize guaranteed call 09061701939 claim code s89 valid 12hrs
1,please call customer service representative freephone 0808 145 4742 9am11pm guaranteed â£1000 cash â£5000 prize
1,unique enough find 30th august wwwareyouuniquecouk
1,500 new mobiles 2004 must go txt nokia 89545 collect todayfrom â£1 www4tcbiz 2optout 08718726270150gbpmtmsg18
1,u meet ur dream partner soon ur career 2 flyng start 2 find free txt horo followed ur star sign e g horo aries
1,text meet someone sexy today u find date even flirt u join 4 10p reply name age eg sam 25 18 msg recdthirtyeight pence
1,u 447801259231 secret admirer looking 2 make contact ufind rreveal thinks ur specialcall 09058094597
1,congratulations ur awarded 500 cd vouchers 125gift guaranteed free entry 2 100 wkly draw txt music 87066 tncs wwwldewcom1win150ppmx3age16
1,tried contact reply offer video handset 750 anytime networks mins unlimited text camcorder reply call 08000930705
1,hey really horny want chat see naked text hot 69698 text charged 150pm unsubscribe text stop 69698
1,ur ringtone service changed 25 free credits go club4mobilescom choose content stop txt club stop 87070 150pwk club4 po box1146 mk45 2wt
1,ringtone club get uk singles chart mobile week choose top quality ringtone message free charge
1,hmv bonus special 500 pounds genuine hmv vouchers answer 4 easy questions play send hmv 86688 infowww100percentrealcom
1,tmobile customer may claim free camera phone upgrade pay go sim card loyalty call 0845 021 3680offer ends 28thfebtcs apply
1,sms ac blind date 4u rodds1 21m aberdeen united kingdom check httpimg sms acwicmb3cktz8r74 blind dates send hide
1,themob check newest selection content games tones gossip babes sport keep mobile fit funky text wap 82468
1,think ur smart win â£200 week weekly quiz text play 85222 nowtcs winnersclub po box 84 m26 3uz 16 gbp150week
1,december mobile 11mths entitled update latest colour camera mobile free call mobile update co free 08002986906
1,call germany 1 pence per minute call fixed line via access number 0844 861 85 85 prepayment direct access
1,valentines day special win â£1000 quiz take partner trip lifetime send go 83600 150pmsg rcvd custcare08718720201
1,fancy shag dointerested sextextukcom txt xxuk suzy 69876 txts cost 150 per msg tncs website x
1,congratulations ur awarded 500 cd vouchers 125gift guaranteed free entry 2 100 wkly draw txt music 87066 tncs wwwldewcom1win150ppmx3age16
1,ur cashbalance currently 500 pounds maximize ur cashin send cash 86688 150pmsg cc 08708800282 hgsuite3422lands roww1j6hl
1,updatenow xmas offer latest motorola sonyericsson nokia free bluetooth double mins 1000 txt orange call mobileupd8 08000839402 call2optoutf4q
1,discount code rp176781 stop messages reply stop wwwregalportfoliocouk customer services 08717205546
1,thanks ringtone order reference t91 charged gbp 4 per week unsubscribe anytime calling customer services 09057039994
1,double mins txts 4 6months free bluetooth orange available sony nokia motorola phones call mobileupd8 08000839402 call2optoutn9dx
1,4mths half price orange line rental latest camera phones 4 free phone 11mths call mobilesdirect free 08000938767 update or2stoptxt
1,free ringtone text first 87131 poly text get 87131 true tone help 0845 2814032 16 1st free tones 3xâ£150pw eâ£nd txt stop
1,100 dating service call 09064012103 box334sk38ch
1,free entry â£250 weekly competition text word win 80086 18 tc wwwtxttowincouk
1,send logo 2 ur lover 2 names joined heart txt love name1 name2 mobno eg love adam eve 07123456789 87077 yahoo pobox36504w45wq txtno 4 ads 150p
1,someone contacted dating service entered phone fancy find call landline 09111032124 pobox12n146tf150p
1,urgent mobile number awarded â£2000 prize guaranteed call 09058094455 land line claim 3030 valid 12hrs
1,congrats nokia 3650 video camera phone call 09066382422 calls cost 150ppm ave call 3mins vary mobiles 16 close 300603 post bcm4284 ldn wc1n3xx
1,loan purpose â£500 â£75000 homeowners tenants welcome previously refused still help call free 0800 1956669 text back help
1,upgrdcentre orange customer may claim free camera phone upgrade loyalty call 0207 153 9153 offer ends 26th july tcs apply optout available
1,okmail dear dave final notice collect 4 tenerife holiday 5000 cash award call 09061743806 landline tcs sae box326 cw25wx 150ppm
1,want 2 get laid tonight want real dogging locations sent direct 2 ur mob join uks largest dogging network txting moan 69888nyt ec2a 31pmsg150p
1,free message activate 500 free text messages replying message word free terms conditions visit www07781482378com
1,congrats 1 year special cinema pass 2 call 09061209465 c suprman v matrix3 starwars3 etc 4 free bx420ip45we 150pm dont miss
1,error
1,guaranteed latest nokia phone 40gb ipod mp3 player â£500 prize txt word collect 83355 ibhltd ldnw15h 150pmtmsgrcvd18
1,boltblue tones 150p reply poly mono eg poly3 1 cha cha slide 2 yeah 3 slow jamz 6 toxic 8 come stop 4 tones txt
1,credits topped httpwwwbubbletextcom renewal pin tgxxrz
1,urgent mobile awarded â£2000 bonus caller prize 020903 2nd attempt contact call 08718729755 box95qu
1,todays offer claim ur â£150 worth discount vouchers text yes 85023 savamob member offers mobile cs 08717898035 â£300 sub 16 unsub reply x
1,recieve tone within next 24hrs terms conditions please see channel u teletext pg 750
1,private 2003 account statement 07815296484 shows 800 unredeemed sim points call 08718738001 identifier code 41782 expires 181104
1,wwwapplausestorecom monthlysubscription50pmsg max6month tcsc web age16 2stop txt stop
1,gent trying contact last weekends draw shows â£1000 prize guaranteed call 09064012160 claim code k52 valid 12hrs 150ppm
1,1000 cash 2000 prize claim call09050000327
1,mobile number â£5000 claim calls us back ring claims hot line 09050005321
1,tried contact reply offer 750 mins 150 textand new video phone call 08002988890 reply free delivery tomorrow
1,ur chance win â£250 wkly shopping spree txt shop 80878 tscs wwwtxt2shopcom custcare 08715705022 1x150pwk
1,specially selected receive 2000 pound award call 08712402050 lines close cost 10ppm 16 tcs apply ag promo
1,private 2003 account statement 07753741225 shows 800 unredeemed points call 08715203677 identifier code 42478 expires 241004
1,important customer service announcement call freephone 0800 542 0825
1,xclusiveclubsaisai 2morow 285 soiree speciale zouk nichols parisfree roses 2 ladies info 0794674629107880867867
1,22 days kick euro2004 u kept date latest news results daily removed send get txt stop 83222
1,new textbuddy chat 2 horny guys ur area 4 25p free 2 receive search postcode gaytextbuddycom txt one name 89693
1,todays vodafone numbers ending 4882 selected receive â£350 award number matches call 09064019014 receive â£350 award
1,dear voucher holder 2 claim weeks offer pc go httpwwwetlpcoukexpressoffer tscs apply2 stop texts txt stop 80062
1,private 2003 account statement shows 800 unredeemed points call 08715203694 identifier code 40533 expires 311004
1,1000 cash 2000 prize claim call09050000327 tc rstm sw7 3ss 150ppm
1,88800 89034 premium phone services call 08718711108
1,sms ac sun0819 posts helloyou seem cool wanted say hi hi stop send stop 62468
1,get ur 1st ringtone free reply msg tone gr8 top 20 tones phone every week â£150 per wk 2 opt send stop 08452810071 16
1,hi im sue 20 years old work lapdancer love sex text live im bedroom text sue 89555 textoperator g2 1da 150ppmsg 18
1,forwarded 448712404000please call 08712404000 immediately urgent message waiting
1,review keep fantastic nokia ngage game deck club nokia go 2 wwwcnupdatescomnewsletter unsubscribe alerts reply word
1,4mths half price orange line rental latest camera phones 4 free phone 11mths call mobilesdirect free 08000938767 update or2stoptxt tcs
1,08714712388 10am7pm cost 10p
1,error
1,guaranteed â£1000 cash â£2000 prize claim yr prize call customer service representative 08714712394 10am7pm
1,email alertfrom jeri stewartsize 2kbsubject lowcost prescripiton drvgsto listen email call 123
1,hi customer loyalty offerthe new nokia6650 mobile â£10 txtauction txt word start 81151 get 4tctxt tc 150pmtmsg
1,u subscribed best mobile content service uk â£3 per 10 days send stop 82324 helpline 08706091795
1,realize 40 years well thousands old ladies running around tattoos
1,important customer service announcement premier
1,romantic paris 2 nights 2 flights â£79 book 4 next year call 08704439680tscs apply
1,urgent ur â£500 guaranteed award still unclaimed call 09066368327 closingdate040902 claimcode m39m51 â£150pmmorefrommobile2bremovedmobypobox734ls27yf
1,ur awarded city break could win â£200 summer shopping spree every wk txt store 88039 skilgme tscs087147403231winawkage16 â£150perwksub
1,important customer service announcement premier call freephone 0800 542 0578
1,ever thought living good life perfect partner txt back name age join mobile community 100psms
1,5 free top polyphonic tones call 087018728737 national rate get toppoly tune sent every week text subpoly 81618 â£3 per pole unsub 08718727870
1,orange customer may claim free camera phone upgrade loyalty call 0207 153 9996 offer ends 14thmarch tcs apply optout availa
1,last chance claim ur â£150 worth discount vouchers today text shop 85023 savamob offers mobile cs savamob pobox84 m263uz â£300 sub 16
1,free 1st week no1 nokia tone 4 ur mobile every week txt nokia 8077 get txting tell ur mates wwwgetzedcouk pobox 36504 w45wq 16 norm150ptone
1,guaranteed â£200 award even â£1000 cashto claim ur award call free 08000407165 18 2 stop getstop 88222 php rg21 4jx
1,congratulations ur awarded either â£500 cd gift vouchers free entry 2 â£100 weekly draw txt music 87066 tncs wwwldewcom1win150ppmx3age16
1,u outbid simonwatson5120 shinco dvd plyr 2 bid visit sms acsmsrewards 2 end bid notifications reply end
1,smsservices yourinclusive text credits pls goto wwwcomuknet login 3qxj9 unsubscribe stop extra charge help 08702840625comuk 220cm2 9ae
1,25p 4 alfie moons children need song ur mob tell ur m8s txt tone charity 8007 nokias poly charity polys zed 08701417012 profit 2 charity
1,u secret admirer reveal thinks u r special call 09065174042 opt reply reveal stop 150 per msg recd cust care 07821230901
1,dear voucher holder claim weeks offer pc please go httpwwwetlpcoukexpressoffer tscs apply stop texts txt stop 80062
1,want 750 anytime network mins 150 text new video phone five pounds per week call 08002888812 reply delivery tomorrow
1,tried contact offer new video phone 750 anytime network mins half price rental camcorder call 08000930705 reply delivery wed
1,last chance 2 claim ur â£150 worth discount voucherstext yes 85023 nowsavamobmember offers mobile cs 08717898035 â£300 sub 16 remove txt x stop
1,urgent call 09066350750 landline complimentary 4 ibiza holiday 10000 cash await collection sae tcs po box 434 sk3 8wp 150 ppm 18
1,todays offer claim ur â£150 worth discount vouchers text yes 85023 savamob member offers mobile cs 08717898035 â£300 sub 16 unsub reply x
1,talk sexy make new friends fall love worlds discreet text dating service text vip 83110 see could meet
1,congratulations ur awarded either yrs supply cds virgin records mystery gift guaranteed call 09061104283 tscs wwwsmsconet â£150pm approx 3mins
1,private 2003 account statement 07808 xxxxxx shows 800 unredeemed points call 08719899217 identifier code 41685 expires 071104
1,hello need posh birds chaps user trial prods champneys put need address dob asap ta r
1,u want xmas 100 free text messages new video phone half price line rental call free 0800 0721072 find
1,shop till u drop either 10k 5k â£500 cash â£100 travel voucher call 09064011000 ntt po box cr01327bt fixedline cost 150ppm mobile vary
1,sunshine quiz wkly q win top sony dvd player u know country liverpool played mid week txt ansr 82277 â£150 sptyrone
1,u secret admirer looking 2 make contact ufind rreveal thinks ur specialcall 09058094565
1,u secret admirer looking 2 make contact ufind rreveal thinks ur specialcall 09065171142stopsms08
1,reminder downloaded content already paid goto httpdoit mymoby tv collect content
1,free ringtone waiting collected simply text password mix 85069 verify get usher britney fml po box 5249 mk17 92h 450ppw 16
1,lastest stereophonics marley dizzee racal libertines strokes win nookii games flirt click themob wap bookmark text wap 82468
1,january male sale hot gay chat cheaper call 08709222922 national rate 15pmin cheap 78pmin peak stop texts call 08712460324 10pmin
1,money r lucky winner 2 claim prize text money 2 88600 â£1million give away ppt150x3normal text rate box403 w1t1jy
1,dear matthew please call 09063440451 landline complimentary 4lux tenerife holiday â£1000 cash await collection ppm150 sae tcs box334 sk38xh
1,urgent call 09061749602 landline complimentary 4 tenerife holiday â£10000 cash await collection sae tcs box 528 hp20 1yf 150ppm 18
1,getting touch folks waiting company txt back name age opt enjoy community 150psms
1,ur cashbalance currently 500 pounds maximize ur cashin send go 86688 150pmsg cc 08718720201 po box 11414 tcrw1
1,filthy stories girls waiting
1,urgent trying contact u todays draw shows â£800 prize guaranteed call 09050001808 land line claim m95 valid12hrs
1,congrats 2 mobile 3g videophones r call 09063458130 videochat wid mates play java games dload polyph music noline rentl
1,please call customer service representative freephone 0808 145 4742 9am11pm guaranteed â£1000 cash â£5000 prize
1,panasonic bluetoothhdset free nokia free motorola free doublemins doubletxt orange contract call mobileupd8 08000839402 call 2optout
1,free 1st week no1 nokia tone 4 ur mob every week txt nokia 8007 get txting tell ur mates wwwgetzedcouk pobox 36504 w45wq norm150ptone 16
1,guess somebody know secretly fancies wanna find give us call 09065394514 landline datebox1282essexcm61xn 150pmin 18
1,know someone know fancies call 09058097218 find pobox 6 ls15hb 150p
1,1000s flirting txt girl bloke ur name age eg girl zoe 18 8007 join get chatting
1,18 days euro2004 kickoff u kept informed latest news results daily unsubscribe send get euro stop 83222
1,eastenders tv quiz flower dot compare violet e tulip f lily txt e f 84025 4 chance 2 win â£100 cash wkent150p16
1,new local dates area lots new people registered area reply date start 18 wwwflirtpartyus replys150
1,someone u know asked dating service 2 contact cant guess call 09058091854 revealed po box385 m6 6wu
1,urgent trying contact u todays draw shows â£800 prize guaranteed call 09050003091 land line claim c52 valid12hrs
1,dear uve invited xchat final attempt contact u txt chat 86688
1,awarded sipix digital camera call 09061221061 landline delivery within 28days cs box177 m221bp 2yr warranty 150ppm 16 p pâ£399
1,win urgent mobile number awarded â£2000 prize guaranteed call 09061790121 land line claim 3030 valid 12hrs 150ppm
1,dear subscriber ur draw 4 â£100 gift voucher b entered receipt correct ans elvis presleys birthday txt answer 80062
1,message important information o2 user today lucky day 2 find log onto httpwwwurawinnercom fantastic surprise awaiting
1,449050000301 â£2000 price claim call 09050000301
1,bored speed dating try speedchat txt speedchat 80155 dont like em txt swap get new chatter chat80155 pobox36504w45wq 150pmsg rcd 16
1,want 750 anytime network mins 150 text new video phone five pounds per week call 08000776320 reply delivery tomorrow
1,taking part mobile survey yesterday 500 texts 2 use however wish 2 get txts send txt 80160 tc wwwtxt43com 150p
1,ur hmv quiz cashbalance currently â£500 maximize ur cashin send hmv1 86688 150pmsg
1,dont forget place many free requests 1stchoicecouk wish information call 08707808226
1,dont know u u dont know send chat 86688 lets find 150pmsg rcvd hgsuite3422landsroww1j6hl ldn 18 years
1,thank winner notified sms good luck future marketing reply stop 84122 customer services 08450542832
1,1000s girls many local 2 u r virgins 2 r ready 2 4fil ur every sexual need u 4fil text cute 69911â£150p
1,free entry 2 wkly comp win fa cup final tkts 21st may 2005 text fa 87121 receive entry questionstd txt ratetcs apply 08452810075over18s
1,got takes 2 take part wrc rally oz u lucozade energy text rally le 61200 25p see packs lucozadecoukwrc itcould u
1,sex ur mobile free sexy pic jordan text babe 88600 every wk get sexy celeb pocketbabecouk 4 pics 16 â£3wk 087016248
1,1 new voicemail please call 08719181503
1,win year supply cds 4 store ur choice worth â£500 enter â£100 weekly draw txt music 87066 tscs wwwldewcomsubs161win150ppmx3
1,sim subscriber selected receive bonus get delivered door txt word ok 88600 claim 150pmsg exp 30apr
1,1 new voicemail please call 08719181513
1,1 nokia tone 4 ur mob every week txt nok 87021 1st tone free get txtin tell ur friends 150ptone 16 reply hl 4info
1,winner u specially selected 2 receive â£1000 cash 4 holiday flights inc speak live operator 2 claim 0871277810810
1,reply name address receive post weeks completely free accommodation various global locations wwwphb1com ph08700435505150p
1,free entry â£250 weekly comp send word enter 84128 18 tc wwwtextcompcom cust care 08712405020
1,please call 08712402779 immediately urgent message waiting
1,hungry gay guys feeling hungry 4 call 08718730555 10pmin stop texts call 08712460324 10pmin
1,u get 2 phone wanna chat 2 set meet call 09096102316 u cum 2moro luv jane xx callsâ£1minmoremobsemspobox45po139wa
1,network operator service free cs visit 80488biz
1,enjoy jamster videosound gold club credits 2 new videosounds2 logosmusicnews get fun jamstercouk 16only help call 09701213186
1,get 3 lions england tone reply lionm 4 mono lionp 4 poly 4 go 2 wwwringtonescouk original n best tones 3gbp network operator rates apply
1,win newest âharry potter order phoenix book 5 reply harry answer 5 questions chance first among readers
1,ur balance â£500 ur next question sang uptown girl 80s 2 answer txt ur answer 83600 good luck
1,free2day sexy st georges day pic jordantxt pic 89080 dont miss every wk saucy celeb4 pics c pocketbabecouk 0870241182716 â£3wk
1,hot live fantasies call 08707509020 20p per min ntt ltd po box 1327 croydon cr9 5wb 0870k
1,bears pic nick tom pete dick fact types try gay chat photo upload call 08718730666 10pmin 2 stop texts call 08712460324
1,500 new mobiles 2004 must go txt nokia 89545 collect todayfrom â£1 www4tcbiz 2optout 08718726270150gbpmtmsg18 txtauction
1,double mins double txt 12 price linerental latest orange bluetooth mobiles call mobileupd8 latest offers 08000839402 call2optoutlf56
1,1 nokia tone 4 ur mob every week txt nok 87021 1st tone free get txtin tell ur friends 150ptone 16 reply hl 4info
1,urgent important information o2 user today lucky day 2 find log onto httpwwwurawinnercom fantastic surprise awaiting
1,dear uve invited xchat final attempt contact u txt chat 86688 150pmsgrcvdhgsuite3422landsroww1j6hl ldn 18 yrs
1,congratulations ur awarded either â£500 cd gift vouchers free entry 2 â£100 weekly draw txt music 87066 tncs wwwldewcom 1 win150ppmx3age16
1,sale arsenal dartboard good condition doubles trebles
1,free 1st week entry 2 textpod 4 chance 2 win 40gb ipod â£250 cash every wk txt pod 84128 tscs wwwtextpodnet custcare 08712405020
1,registered optin subscriber ur draw 4 â£100 gift voucher entered receipt correct ans 80062 whats no1 bbc charts
1,summers finally fancy chat flirt sexy singles yr area get matched reply summer free 2 join optout txt stop help08714742804
1,claire havin borin time alone u wanna cum 2nite chat 09099725823 hope 2 c u luv claire xx callsâ£1minmoremobsemspobox45po139wa
1,bought one ringtone getting texts costing 3 pound offering tones etc
1,09066362231 urgent mobile 07xxxxxxxxx â£2000 bonus caller prize 020603 2nd attempt reach call 09066362231 asap
1,07801543489 guaranteed latests nokia phone 40gb ipod mp3 player â£500 prize txt wordcollect no83355 tcllc nyusa 150pmt msgrcvd18
1,hi lucy hubby meetins day fri b alone hotel u fancy cumin pls leave msg 2day 09099726395 lucy x callsâ£1minmobsmorelkpobox177hp51fl
1,account credited 500 free text messages activate txt word credit 80488 tcs www80488biz
1,sms ac jsco energy high u may know 2channel 2day ur leadership skills r strong psychic reply ans wquestion end reply end jsco
1,hot live fantasies call 08707509020 20p per min ntt ltd po box 1327 croydon cr9 5wb 0870 national rate call
1,thanks vote sing along stars karaoke mobile free link reply sing
1,brand new mobile music service live free music player arrive shortly install phone browse content top artists
1,urgent mobile awarded â£2000 bonus caller prize 10803 2nd attempt contact call 08714719523 box95qu bt national rate
1,nokia 7250i get win free auction take part send nokia 86021 hgsuite3422lands roww1jhl 16
1,hello orange 1 months free access games news sport plus 10 free texts 20 photo messages reply yes terms apply wwworangecoukow
1,ur cashbalance currently 500 pounds maximize ur cashin send go 86688 150pmsg cc 08718720201 hgsuite3422lands roww1j6hl
1,sms auction brand new nokia 7250 4 auction today auction free 2 join take part txt nokia 86021 hgsuite3422lands roww1j6hl
1,private 2003 account statement shows 800 unredeemed points call 08719899230 identifier code 41685 expires 071104
1,registered subscriber yr draw 4 â£100 gift voucher b entered receipt correct ans next olympics txt ans 80062
1,urgent mobile number awarded â£2000 prize guaranteed call 09061790121 land line claim 3030 valid 12hrs 150ppm
1,rtking pro video club need help inforingtonekingcouk call 08701237397 must 16 club credits redeemable wwwringtonekingcouk enjoy
1,u secret admirer looking 2 make contact ufind rreveal thinks ur specialcall 09058094599
1,500 free text msgs text ok 80488 well credit account
1,selected stay 1 250 top british hotels nothing holiday worth â£350 claim call london 02072069400 bx 526 sw73ss
1,eerie nokia tones 4u rply tone title 8007 eg tone dracula 8007 titles ghost addamsfa munsters exorcist twilight wwwgetzedcouk pobox36504w45wq 150p
1,0anetworks allow companies bill sms responsible suppliers shop give guarantee sell b g
1,freemsgfeelin kinda lnly hope u like 2 keep company jst got cam moby wanna c pictxt reply date 82242 msg150p 2rcv hlp 08712317606 stop 82242
1,ur chance win â£250 cash every wk txt action 80608 tscs wwwmovietriviatv custcare 08712405022 1x150pwk
1,rgent 2nd attempt contact uu â£1250 call 09071512433 b4 050703 tcsbcm4235wc1n3xx callcost 150ppm mobilesvary maxâ£7 50
1,hi ur lookin 4 saucy daytime fun wiv busty married woman free next week chat 2 sort time 09099726429 janinexx callsâ£1minmobsmorelkpobox177hp51fl
1,urgent trying contact u todays draw shows â£800 prize guaranteed call 09050001295 land line claim a21 valid 12hrs
1,monthly password wap mobsicom 391784 use wap phone pc
1,todays vodafone numbers ending 0089my last four digits selected received â£350 award number matches please call 09063442151 claim â£350 award
1,free top ringtone sub weekly ringtoneget 1st week freesend subpoly 816183 per weekstop sms08718727870
1,sunshine quiz wkly q win top sony dvd player u know country algarve txt ansr 82277 â£150 sptyrone
1,free msg sorry service ordered 81303 could delivered sufficient credit please top receive service
1,hard live 121 chat 60pmin choose girl connect live call 09094646899 cheap chat uks biggest live service vu bcm1896wc1n3xx
1,wow boys r back take 2007 uk tour win vip tickets prebook vip club txt club 81303 trackmarque ltd infovipclub4u
1,hi mandy sullivan calling hotmix fmyou chosen receive â£500000 easter prize drawplease telephone 09041940223 claim 290305 prize transferred someone else
1,ur going 2 bahamas callfreefone 08081560665 speak live operator claim either bahamas cruise ofâ£2000 cash 18only opt txt x 07786200117
1,someone conacted dating service entered phone fancy youto find call landline 09111030116 pobox12n146tf15
1,hi 07734396839 ibh customer loyalty offer new nokia6600 mobile â£10 txtauctiontxt wordstart no81151 get now4t
1,sms auction nokia 7250i get win free auction take part send nokia 86021 hgsuite3422lands roww1jhl 16
1,call freephone 0800 542 0578
1,buy space invaders 4 chance 2 win orig arcade game console press 0 games arcade std wap charge see o2coukgames 4 terms settings purchase
1,loan purpose â£500 â£75000 homeowners tenants welcome previously refused still help call free 0800 1956669 text back help
1,big brother alert computer selected u 10k cash 150 voucher call 09064018838 ntt po box cro1327 18 bt landline cost 150ppm mobiles vary
1,win winner mr foley ipod exciting prizes soon keep eye ur mobile visit wwwwin82050couk
1,todays voda numbers ending 1225 selected receive â£50award match please call 08712300220 quoting claim code 3100 standard rates app
1,hottest pics straight phone see getting wet wanting xx text pics 89555 txt costs 150p textoperator g696ga 18 xxx
1,hack chat get backdoor entry 121 chat rooms fraction cost reply neo69 call 09050280520 subscribe 25p pm dps bcm box 8027 ldn wc1n3xx
1,free nokia motorola upto 12mths 12price linerental 500 free xnet mins100txtmth free btooth call mobileupd8 08001950382 call 2optoutd3wv
1,2nd time tried 2 contact u u 750 pound prize 2 claim easy call 08718726970 10p per min btnationalrate
1,guaranteed â£1000 cash â£2000 prizeto claim yr prize call customer service representative
1,would like see xxx pics hot nearly banned uk
1,hmv bonus special 500 pounds genuine hmv vouchers answer 4 easy questions play send hmv 86688 infowww100percentrealcom
1,u secret admirer looking 2 make contact ufind rreveal thinks ur specialcall 09058094594
1,dear 0776xxxxxxx uve invited xchat final attempt contact u txt chat 86688 150pmsgrcvdhgsuite3422landsroww1j6hl ldn 18yrs
1,urgent please call 09061743811 landline abta complimentary 4 tenerife holiday â£5000 cash await collection sae tcs box 326 cw25wx 150ppm
1,call 09090900040 listen extreme dirty live chat going office right total privacy one knows sic listening 60p min 247mp 0870753331018
1,freemsg hey u got 1 videopic fones reply wild txt ill send u pics hurry im bored work xxx 18 150prcvd stop2stop
1,free entry 2 weekly comp chance win ipod txt pod 80182 get entry std txt rate tcs apply 08452810073 details 18
1,new textbuddy chat 2 horny guys ur area 4 25p free 2 receive search postcode gaytextbuddycom txt one name 89693 08715500022 rpl stop 2 cnl
1,call 08702490080 tells u 2 call 09066358152 claim â£5000 prize u 2 enter ur mobile personal details prompts careful
1,free 1st week entry 2 textpod 4 chance 2 win 40gb ipod â£250 cash every wk txt vpod 81303 tscs wwwtextpodnet custcare 08712405020
1,people dogging area call 09090204448 join like minded guys arrange 1 theres 1 evening aâ£150 minapn ls278bb
1,well done 4 costa del sol holiday â£5000 await collection call 09050090044 toclaim sae tcs pobox334 stockport sk38xh costâ£150pm max10mins
1,guess somebody know secretly fancies wanna find give us call 09065394973 landline datebox1282essexcm61xn 150pmin 18
1,80488 500 free text messages valid 31 december 2005
1,guaranteed â£200 award even â£1000 cashto claim ur award call free 08000407165 18 2 stop getstop 88222 php
1,reply win â£100 weekly 2006 fifa world cup held send stop 87239 end service
1,urgent please call 09061743810 landline abta complimentary 4 tenerife holiday 5000 cash await collection sae tcs box 326 cw25wx 150 ppm
1,free tones hope enjoyed new content text stop 61610 unsubscribe help08712400602450p provided tones2youcouk
1,themobyo yo yohere comes new selection hot downloads members get free click open next link sent ur fone
1,great news call freefone 08006344447 claim guaranteed â£1000 cash â£2000 gift speak live operator
1,u win â£100 music gift vouchers every week starting txt word draw 87066 tscs wwwldewcom skillgame1winaweek age16150ppermesssubscription
1,4mths half price orange line rental latest camera phones 4 free phone 11mths call mobilesdirect free 08000938767 update or2stoptxt
1,call 09094100151 use ur mins calls cast 10pmin mob vary service provided aom gbp5month aom box61m60 1er u stop ages 18
1,urgent mobile â£2000 bonus caller prize 020603 2nd attempt reach call 09066362220 asap box97n7qp 150ppm
1,eerie nokia tones 4u rply tone title 8007 eg tone dracula 8007 titles ghost addamsfa munsters exorcist twilight wwwgetzedcouk pobox36504w45wq 150p
1,sexy singles waiting text age followed gender wither f eg23f gay men text age followed g eg23g
1,freemsg claim ur 250 sms messagestext ok 84025 nowuse web2mobile 2 ur mates etc join txt250com 150pwk tc box139 la32wu 16 remove txtx stop
1,85233 freeringtonereply real
1,well done england get official poly ringtone colour flag yer mobile text tone flag 84199 optout txt eng stop box39822 w111wx â£150
1,final chance claim ur â£150 worth discount vouchers today text yes 85023 savamob member offers mobile cs savamob pobox84 m263uz â£300 subs 16
1,private 2004 account statement 07742676969 shows 786 unredeemed bonus points claim call 08719180248 identifier code 45239 expires
1,sms services inclusive text credits pls goto wwwcomuknet login unsubscribe stop extra charge help08700469649 po box420 ip4 5we
1,free2day sexy st georges day pic jordantxt pic 89080 dont miss every wk saucy celeb4 pics c pocketbabecouk 0870241182716 â£3wk
1,winner specially selected receive â£1000 cash â£2000 award speak live operator claim call 087123002209am7pm cost 10p
1,sunshine hols claim ur med holiday send stamped self address envelope drinks us uk po box 113 bray wicklow eire quiz starts saturday unsub stop
1,u win â£100 music gift vouchers every week starting txt word draw 87066 tscs wwwidewcom skillgame 1winaweek age16 150ppermesssubscription
1,error
1,b4u voucher wc 2703 marsms log onto wwwb4utelecom discount credit opt reply stop customer care call 08717168528
1,freemsg hey im buffy 25 love satisfy men home alone feeling randy reply 2 c pix qlynnbv help08700621170150p msg send stop stop txts
1,sunshine hols claim ur med holiday send stamped self address envelope drinks us uk po box 113 bray wicklow eire quiz starts saturday unsub stop
1,free 1st week no1 nokia tone 4 ur mob every week txt nokia 87077 get txting tell ur mates zed pobox 36504 w45wq norm150ptone 16
1,shop till u drop either 10k 5k â£500 cash â£100 travel voucher call 09064011000 ntt po box cr01327bt fixedline cost 150ppm mobile vary
1,free camera phones linerental 449month 750 cross ntwk mins 12 price txt bundle deals also avble call 08001950382 call2optoutj mf
1,urgent mobile 07xxxxxxxxx â£2000 bonus caller prize 020603 2nd attempt reach call 09066362231 asap box97n7qp 150ppm
1,urgent 4 costa del sol holiday â£5000 await collection call 09050090044 toclaim sae tc pobox334 stockport sk38xh costâ£150pm max10mins
1,guaranteed â£1000 cash â£2000 prize claim yr prize call customer service representative 08714712379 10am7pm cost 10p
1,thanks ringtone order ref number k718 mobile charged â£450 tone arrive please call customer services 09065069120
1,hi ya babe x u 4goten bout scammers getting smartthough regular vodafone respond get prem rate msgsubscription nos used also beware
1,back 2 work 2morro half term u c 2nite 4 sexy passion b4 2 go back chat 09099726481 luv dena calls â£1minmobsmorelkpobox177hp51fl
1,thanks ringtone order ref number r836 mobile charged â£450 tone arrive please call customer services 09065069154
1,splashmobile choose 1000s gr8 tones wk subscrition service weekly tones costing 300p u one credit kick back enjoy
1,heard u4 call 4 rude chat private line 01223585334 cum wan 2c pics gettin shagged text pix 8552 2end send stop 8552 sam xxx
1,forwarded 88877free entry â£250 weekly comp send word enter 88877 18 tc wwwtextcompcom
1,88066 88066 lost 3pound help
1,mobile 11mths update free oranges latest colour camera mobiles unlimited weekend calls call mobile upd8 freefone 08000839402 2stoptx
1,1 new message please call 08718738034
1,forwarded 21870000hi mailbox messaging sms alert 4 messages 21 matches please call back 09056242159 retrieve messages matches
1,congrats 1 year special cinema pass 2 call 09061209465 c suprman v matrix3 starwars3 etc 4 free bx420ip45we 150pm dont miss
1,win year supply cds 4 store ur choice worth â£500 enter â£100 weekly draw txt music 87066 tscs wwwldewcomsubs161win150ppmx3
1,moby pub quizwin â£100 high street prize u know new duchess cornwall txt first name 82277unsub stop â£150 008704050406 sp arrow
1,nokia 7250i get win free auction take part send nokia 86021 hgsuite3422lands roww1jhl 16
1,congratulations thanks good friend u â£2000 xmas prize 2 claim easy call 08718726971 10p per minute btnationalrate
1,tddnewsletteremc1couk games thedailydraw dear helen dozens free games great prizeswith
1,urgent mobile number â£2000 bonus caller prize 100603 2nd attempt reach call 09066368753 asap box 97n7qp 150ppm
1,double mins txts orange 12 price linerental motorola sonyericsson btooth freenokia free call mobileupd8 08000839402 or2optouthv9d
1,download many ringtones u like restrictions 1000s 2 choose u even send 2 yr buddys txt sir 80082 â£3
1,please call 08712402902 immediately urgent message waiting
1,spook mob halloween collection logo pic message plus free eerie tone txt card spook 8007 zed 08701417012150p per logopic
1,fantasy football back tv go sky gamestar sky active play â£250k dream team scoring starts saturday register nowsky opt 88088
1,tone club subs expired 2 resub reply monoc 4 monos polyc 4 polys 1 weekly 150p per week txt stop 2 stop msg free stream 0871212025016
1,xmas prize draws trying contact u todays draw shows â£2000 prize guaranteed call 09058094565 land line valid 12hrs
1,yes place town meet exciting adult singles uk txt chat 86688 150pmsg
1,someone contacted dating service entered phone becausethey fancy find call landline 09058098002 pobox1 w14rg 150p
1,babe u want dont u baby im nasty thing 4 filthyguys fancy rude time sexy bitch go slo n hard txt xxx slo4msgs
1,dont know u u dont know send chat 86688 lets find 150pmsg rcvd hgsuite3422landsroww1j6hl ldn 18 years
1,sms services inclusive text credits pls gotto wwwcomuknet login 3qxj9 unsubscribe stop extra charge help 08702840625 comuk220cm2 9ae
1,valentines day special win â£1000 quiz take partner trip lifetime send go 83600 150pmsg rcvd custcare08718720201
1,guess ithis first time created web page wwwasjesuscom read wrote im waiting opinions want friend 11
1,ur chance win â£250 cash every wk txt play 83370 tscs wwwmusictrivianet custcare 08715705022 1x150pwk
1,final chance claim ur â£150 worth discount vouchers today text yes 85023 savamob member offers mobile cs savamob pobox84 m263uz â£300 subs 16
1,sppok ur mob halloween collection nokia logopic message plus free eerie tone txt card spook 8007
1,urgent call 09066612661 landline complementary 4 tenerife holiday â£10000 cash await collection sae tcs po box 3 wa14 2px 150ppm 18 sender hol offer
1,winner valued network customer hvae selected receive â£900 reward collect call 09061701444 valid 24 hours acl03530150pm
1,u nokia 6230 plus free digital camera u get u win free auction take part send nokia 83383 pobox11414tcrw1 16
1,free entry â£250 weekly comp send word win 80086 18 tc wwwtxttowincouk
1,text82228 get ringtones logos games wwwtxt82228com questions infotxt82228couk
1,freemsg awarded free mini digital camera reply snap collect prize quizclub opt stop 80122300pwk sprwm ph08704050406
1,message brought gmw ltd connected
1,congrats 2 mobile 3g videophones r call 09063458130 videochat wid ur mates play java games dload polyph music noline rentl bx420 ip4 5we 150p
1,next amazing xxx picsfree1 video sent enjoy one vid enough 2day text back keyword picsfree1 get next video
1,u subscribed best mobile content service uk â£3 per ten days send stop 83435 helpline 08706091795
1,3 free tarot texts find love life try 3 free text chance 85555 16 3 free msgs â£150
1,join uks horniest dogging service u sex 2nite sign follow instructions txt entry 69888 nytec2a3lpmsg150p
1,sunshine quiz wkly q win top sony dvd player u know country liverpool played mid week txt ansr 82277 â£150 sptyrone
1,knock knock txt whose 80082 enter r weekly draw 4 â£250 gift voucher 4 store yr choice tcs wwwtklscom age16 stoptxtstopâ£150week
1,forwarded 21870000hi mailbox messaging sms alert 40 matches please call back 09056242159 retrieve messages matches cc100pmin
1,free ring tone text polys 87131 every week get new tone 0870737910216yrs â£150wk
1,urgent mobile 077xxx â£2000 bonus caller prize 020603 2nd attempt reach call 09066362206 asap box97n7qp 150ppm
1,guaranteed latest nokia phone 40gb ipod mp3 player â£500 prize txt word collect 83355 ibhltd ldnw15h 150pmtmsgrcvd18
1,hello darling today would love chat dont tell look like sexy
1,8007 free 1st week no1 nokia tone 4 ur mob every week txt nokia 8007 get txting tell ur mates wwwgetzedcouk pobox 36504 w4 5wq norm 150ptone 16
1,wanna get laid 2nite want real dogging locations sent direct ur mobile join uks largest dogging network txt park 69696 nyt ec2a 3lp â£150msg
1,tried contact response offer new nokia fone camcorder hit reply call 08000930705 delivery
1,new tones week include 1mcflyall ab 2 sara jorgeshock 3 smithswitch order follow instructions next message
1,urgent trying contact u todays draw shows â£800 prize guaranteed call 09050003091 land line claim c52 valid 12hrs
1,sports fans get latest sports news str 2 ur mobile 1 wk free plus free tone txt sport 8007 wwwgetzedcouk 0870141701216 norm 4txt120p
1,urgent urgent 800 free flights europe give away call b4 10th sept take friend 4 free call claim 09050000555 ba128nnfwfly150ppm
1,88066 lost â£12 help
1,freemsg fancy flirt reply date join uks fastest growing mobile dating service msgs rcvd 25p optout txt stop 83021 reply date
1,great new offer double mins double txt best orange tariffs get latest camera phones 4 free call mobileupd8 free 08000839402 2stoptxt tcs
1,hope enjoyed new content text stop 61610 unsubscribe help08712400602450p provided tones2youcouk
1,18 days euro2004 kickoff u kept informed latest news results daily unsubscribe send get euro stop 83222
1,urgent please call 09066612661 landline â£5000 cash luxury 4 canary islands holiday await collection tcs sae award 20m12aq 150ppm 16 â
1,urgent please call 09066612661 landline complimentary 4 lux costa del sol holiday â£1000 cash await collection ppm 150 sae tcs james 28 eh74rr
1,dont know u u dont know send chat 86688 lets find 150pmsg rcvd hgsuite3422landsroww1j6hl ldn 18 years
1,married local women looking discreet action 5 real matches instantly phone text match 69969 msg cost 150p 2 stop txt stop bcmsfwc1n3xx
1,burger king wanna play footy top stadium get 2 burger king 1st sept go large super cocacola walk winner
1,come takes little time child afraid dark become teenager wants stay night
1,ur chance win â£250 cash every wk txt action 80608 tscs wwwmovietriviatv custcare 08712405022 1x150pwk
1,uâve bin awarded â£50 play 4 instant cash call 08715203028 claim every 9th player wins min â£50â£500 optout 08718727870
1,freemsgfav xmas tonesreply real
1,december mobile 11mths entitled update latest colour camera mobile free call mobile update co free 08002986906
1,gr8 poly tones 4 mobs direct 2u rply poly title 8007 eg poly breathe1 titles crazyin sleepingwith finest ymca getzedcouk pobox365o4w45wq 300p
1,interflora âits late order interflora flowers christmas call 0800 505060 place order midnight tomorrow
1,romcapspam everyone around responding well presence since warm outgoing bringing real breath sunshine
1,congratulations thanks good friend u â£2000 xmas prize 2 claim easy call 08712103738 10p per minute btnationalrate
1,send logo 2 ur lover 2 names joined heart txt love name1 name2 mobno eg love adam eve 07123456789 87077 yahoo pobox36504w45wq txtno 4 ads 150p
1,youve tkts euro2004 cup final â£800 cash collect call 09058099801 b4190604 pobox 7876150ppm
1,freemessage jamsterget crazy frog sound poly text mad1 real text mad2 88888 6 crazy sounds 3 gbpweek 16only tcs apply
1,chance reality fantasy show call 08707509020 20p per min ntt ltd po box 1327 croydon cr9 5wb 0870 national rate call
1,adult 18 content video shortly
1,chance reality fantasy show call 08707509020 20p per min ntt ltd po box 1327 croydon cr9 5wb 0870 national rate call
1,hey boys want hot xxx pics sent direct 2 ur phone txt porn 69855 24hrs free 50p per day stop text stopbcm sf wc1n3xx
1,last chance claim ur â£150 worth discount vouchers today text shop 85023 savamob offers mobile cs savamob pobox84 m263uz â£300 sub 16
1,pdatenow double mins 1000 txts orange tariffs latest motorola sonyericsson nokia bluetooth free call mobileupd8 08000839402 call2optoutyhl
1,ur cashbalance currently 500 pounds maximize ur cashin send cash 86688 150pmsg cc 08718720201 po box 11414 tcrw1
1,urgent mobile number awarded â£2000 prize guaranteed call 09058094454 land line claim 3030 valid 12hrs
1,sorry u unsubscribe yet mob offer package min term 54 weeks pls resubmit request expiry reply themob help 4 info
1,1 new message please call 08712400200
1,currently message awaiting collection collect message call 08718723815
1,urgent mobile awarded â£1500 bonus caller prize 27603 final attempt 2 contact u call 08714714011
1,u secret admirer reveal thinks u r special call 09065174042 opt reply reveal stop 150 per msg recd cust care 07821230901
1,ever notice youre driving anyone going slower idiot everyone driving faster maniac
1,xmas offer latest motorola sonyericsson nokia free bluetooth dvd double mins 1000 txt orange call mobileupd8 08000839402 call2optout4qf2
1,reply win â£100 weekly professional sport tiger woods play send stop 87239 end service
1,1 polyphonic tone 4 ur mob every week txt pt2 87575 1st tone free get txtin tell ur friends 150ptone 16 reply hl 4info
1,hot live fantasies call 08707509020 20p per min ntt ltd po box 1327 croydon cr9 5wb 0870 national rate call
1,message free welcome new improved sex dogging club unsubscribe service reply stop msgs150p 18only
1,youve tkts euro2004 cup final â£800 cash collect call 09058099801 b4190604 pobox 7876150ppm
1,loan purpose â£500 â£75000 homeowners tenants welcome previously refused still help call free 0800 1956669 text back help
1,updatenow 12mths half price orange line rental 400minscall mobileupd8 08000839402 call2optoutj5q
1,free unlimited hardcore porn direct 2 mobile txt porn 69200 get free access 24 hrs chrgd50p per day txt stop 2exit msg free
1,eastenders tv quiz flower dot compare violet e tulip f lily txt e f 84025 4 chance 2 win â£100 cash wkent150p16
1,unsubscribed services get tons sexy babes hunks straight phone go httpgotbabescouk subscriptions
1,hi babe jordan r u im home abroad lonely text back u wanna chat xxsp visionsmscom text stop stopcost 150p 08712400603
1,get brand new mobile phone agent mob plus loads goodies info text mat 87021
1,lord ringsreturn king store nowreply lotr 2 june 4 chance 2 win lotr soundtrack cds stdtxtrate reply stop end txts
1,good luck draw takes place 28th feb 06 good luck removal send stop 87239 customer services 08708034412
1,free entry 2 weekly comp chance win ipod txt pod 80182 get entry std txt rate tcs apply 08452810073 details 18
1,1st wk free gr8 tones str8 2 u wk txt nokia 8007 classic nokia tones hit 8007 polys nokia150p poly200p 16
1,lookatme thanks purchase video clip lookatme youve charged 35p think better send video mmsto 32323
1,sexy sexy cum text im wet warm ready porn u fun msg free recd msgs 150p inc vat 2 cancel text stop
1,hard live 121 chat 60pmin choose girl connect live call 09094646899 cheap chat uks biggest live service vu bcm1896wc1n3xx
1,heard u4 call 4 rude chat private line 01223585334 cum wan 2c pics gettin shagged text pix 8552 2end send stop 8552 sam xxx
1,2nd time tried contact u u â£1450 prize claim call 09053750005 b4 310303 tcsstop sms 08718725756 140ppm
1,hot live fantasies call 08707509020 20p per min ntt ltd po box 1327 croydon cr9 5wb 0870k
1,dear voucher holder claim weeks offer pc please go httpwwwetlpcoukreward tscs apply
1,ur going 2 bahamas callfreefone 08081560665 speak live operator claim either bahamas cruise ofâ£2000 cash 18only opt txt x 07786200117
1,2nd time tried 2 contact u u 750 pound prize 2 claim easy call 08712101358 10p per min btnationalrate
1,ur awarded city break could win â£200 summer shopping spree every wk txt store 88039skilgmetscs087147403231winawkage16â£150perwksub
1,urgent trying contact u todays draw shows â£2000 prize guaranteed call 09066358361 land line claim y87 valid 12hrs
1,thanks ringtone order reference number x29 mobile charged 450 tone arrive please call customer services 09065989180
1,six chances win cash 100 20000 pounds txt csh11 send 87575 cost 150pday 6days 16 tsandcs apply reply hl 4 info
1,ur cashbalance currently 500 pounds maximize ur cashin send collect 83600 150pmsg cc 08718720201 po box 11414 tcrw1
1,congratulations thanks good friend u â£2000 xmas prize 2 claim easy call 08718726978 10p per minute btnationalrate
1,44 7732584351 want new nokia 3510i colour phone deliveredtomorrow 300 free minutes mobile 100 free texts free camcorder reply call 08000930705
1,1 new voicemail please call 08719181513
1,someone u know asked dating service 2 contact cant guess call 09058097189 revealed pobox 6 ls15hb 150p
1,camera awarded sipix digital camera call 09061221066 fromm landline delivery within 28 days
1,todays voda numbers ending 5226 selected receive 350 award hava match please call 08712300220 quoting claim code 1131 standard rates app
1,message free welcome new improved sex dogging club unsubscribe service reply stop msgs150p 18
1,rct thnq adrian u text rgds vatian
1,free message activate 500 free text messages replying message word free terms conditions visit www07781482378com
1,contacted dating service someone know find call land line 09050000928 pobox45w2tg150p
1,sorry missed call lets talk time im 07090201529
1,complimentary 4 star ibiza holiday â£10000 cash needs urgent collection 09066364349 landline lose box434sk38wp150ppm18
1,free msgwe billed mobile number mistake shortcode 83332please call 08081263000 charges refundedthis call free bt landline
1,please call 08712402972 immediately urgent message waiting
1,urgent mobile number awarded â£2000 bonus caller prize call 09058095201 land line valid 12hrs
1,valued customer pleased advise following recent review mob awarded â£1500 bonus prize call 09066364589
1,want new nokia 3510i colour phone deliveredtomorrow 300 free minutes mobile 100 free texts free camcorder reply call 08000930705
1,life never much fun great came made truly special wont forget enjoy one gbpsms
1,want new video phone 600 anytime network mins 400 inclusive video calls downloads 5 per week free deltomorrow call 08002888812 reply
1,valued customer pleased advise following recent review mob awarded â£1500 bonus prize call 09066368470
1,welcome please reply age gender begin eg 24m
1,freemsg 1month unlimited free calls activate smartcall txt call 68866 subscriptn3gbpwk unlimited calls help 08448714184 stoptxt stop landlineonly
1,mobile 10 mths update latest orange cameravideo phones free save â£s free textsweekend calls text yes callback orno opt
1,new 2 club dont fink met yet b gr8 2 c u please leave msg 2day wiv ur area 09099726553 reply promised carlie x callsâ£1minmobsmore lkpobox177hp51fl
1,camera awarded sipix digital camera call 09061221066 fromm landline delivery within 28 days
1,get free mobile video player free movie collect text go 89105 free extra films ordered ts cs apply 18 yrs
1,save money wedding lingerie wwwbridalpetticoatdreamscouk choose superb selection national delivery brought weddingfriend
1,heard u4 call night knickers make beg like u last time 01223585236 xx luv nikiyu4net
1,bloomberg message center 447797706009 wait apply future httpcareers bloombergcom
1,urgent trying contact u todays draw shows â£800 prize guaranteed call 09050001808 land line claim m95 valid12hrs
1,want new video phone750 anytime network mins 150 text five pounds per week call 08000776320 reply delivery tomorrow
1,contacted dating service someone know find call land line 09050000878 pobox45w2tg150p
1,wan2 win meetgreet westlife 4 u m8 currently tour 1unbreakable 2untamed 3unkempt text 12 3 83049 cost 50p std text
1,dorothykiefercom bank granite issues strongbuy explosive pick members 300 nasdaq symbol cdgt 500 per
1,â£1000 winner guaranteed caller prize final attempt contact claim call 09071517866 150ppmpobox10183bhamb64xe
1,xmas new years eve tickets sale club day 10am till 8pm thurs fri sat night week theyre selling fast
1,rock yr chik get 100s filthy films xxx pics yr phone rply filth 69669 saristar ltd e14 9yt 08701752560 450p per 5 days stop2 cancel
1,next month get upto 50 calls 4 ur standard network charge 2 activate call 9061100010 c wire3net 1st4terms pobox84 m26 3uz cost â£150 min mobcudb
1,urgent trying contact u todays draw shows â£800 prize guaranteed call 09050000460 land line claim j89 po box245c2150pm
1,text banneduk 89555 see cost 150p textoperator g696ga 18 xxx
1,auction round 4 highest bid â£54 next maximum bid â£71 bid send bids e g 10 bid â£10 83383 good luck
1,collect valentines weekend paris inc flight hotel â£200 prize guaranteed text paris 69101 wwwrtfsphostingcom
1,customer loyalty offerthe new nokia6650 mobile â£10 txtauction txt word start 81151 get 4tctxt tc 150pmtmsg
1,wont believe true incredible txts reply g learn truly amazing things blow mind o2fwd 18ptxt
1,hi 07734396839 ibh customer loyalty offer new nokia6600 mobile â£10 txtauctiontxt wordstart no81151 get now4t
1,hot n horny willing live local text reply hear strt back 150p per msg netcollex ltdhelpdesk 02085076972 reply stop end
1,want new nokia 3510i colour phone delivered tomorrow 200 free minutes mobile 100 free text free camcorder reply call 08000930705
1,congratulations youve youre winner august â£1000 prize draw call 09066660100 prize code 2309
1,8007 25p 4 alfie moons children need song ur mob tell ur m8s txt tone charity 8007 nokias poly charity polys zed 08701417012 profit 2 charity
1,get official england poly ringtone colour flag yer mobile tonights game text tone flag 84199 optout txt eng stop box39822 w111wx â£150
1,customer service announcement recently tried make delivery unable please call 07090298926 reschedule ref9307622
1,stop club tones replying stop mix see mytonecomenjoy html terms club tones cost gbp450week mfl po box 1146 mk45 2wt 23
1,wamma get laidwant real doggin locations sent direct mobile join uks largest dogging network txt dogs 69696 nownyt ec2a 3lp â£150msg
1,nokia 7250i get win free auction take part send nokia 86021 hgsuite3422lands roww1jhl 16
1,promotion number 8714714 ur awarded city break could win â£200 summer shopping spree every wk txt store 88039 skilgme tscs087147403231winawkage16 â£150perwksub
1,winner specially selected receive â£1000 cash â£2000 award speak live operator claim call 087147123779am7pm cost 10p
1,free top ringtone sub weekly ringtoneget 1st week freesend subpoly 816183 per weekstop sms08718727870
1,thanks ringtone order reference number x49 mobile charged 450 tone arrive please call customer services 09065989182 colourredtextcolourtxtstar
1,hi 2nights ur lucky night uve invited 2 xchat uks wildest chat txt chat 86688 150pmsgrcvdhgsuite3422landsroww1j6hl ldn 18yrs
1,22 146tf150p
1,dear voucher holder 2 claim 1st class airport lounge passes using holiday voucher call 08704439680 booking quote 1st class x 2
1,bloomberg message center 447797706009 wait apply future httpcareers bloombergcom
1,yes place town meet exciting adult singles uk txt chat 86688 150pmsg
1,free 1st week no1 nokia tone 4 ur mob every week txt nokia 8007 get txting tell ur mates wwwgetzedcouk pobox 36504 w45wq norm150ptone 16
1,someone u know asked dating service 2 contact cant guess call 09058095107 revealed pobox 7 s3xy 150p
1,mila age23 blonde new uk look sex uk guys u like fun text mtalk 6986618 30pptxt 1st 5free â£150 increments help08718728876
1,claim 200 shopping spree call 08717895698 mobstorequiz10ppm
1,want funk ur fone weekly new tone reply tones2u 2 text wwwringtonescouk original n best tones 3gbp network operator rates apply
1,twinks bears scallies skins jocks calling dont miss weekends fun call 08712466669 10pmin 2 stop texts call 08712460324nat rate
1,tried contact reply offer video handset 750 anytime networks mins unlimited text camcorder reply call 08000930705
1,urgent trying contact last weekends draw shows â£900 prize guaranteed call 09061701851 claim code k61 valid 12hours
1,74355 xmas iscoming ur awarded either â£500 cd gift vouchers free entry 2 r â£100 weekly draw txt music 87066 tnc
1,congratulations u claim 2 vip row tickets 2 c blu concert november blu gift guaranteed call 09061104276 claim tscs wwwsmsconet costâ£375max
1,fantasy football back tv go sky gamestar sky active play â£250k dream team scoring starts saturday register nowsky opt 88088
1,free msg single find partner area 1000s real people waiting chat nowsend chat 62220cncl send stopcs 08717890890â£150 per msg
1,win newest âharry potter order phoenix book 5 reply harry answer 5 questions chance first among readers
1,free msg ringtonefrom httptms widelivecomindex wmlid1b6a5ecef91ff937819firsttrue180430jul05
1,oh god ive found number im glad text back xafter msgs cst std ntwk chg â£150
1,link picture sent also use httpalto18coukwavewaveaspo44345
1,double mins 1000 txts orange tariffs latest motorola sonyericsson nokia bluetooth free call mobileupd8 08000839402 call2optouthf8
1,urgent 2nd attempt contact u â£900 prize yesterday still awaiting collection claim call 09061702893 acl03530150pm
1,dear dave final notice collect 4 tenerife holiday 5000 cash award call 09061743806 landline tcs sae box326 cw25wx 150ppm
1,tells u 2 call 09066358152 claim â£5000 prize u 2 enter ur mobile personal details prompts careful
1,2004 account 07xxxxxxxxx shows 786 unredeemed points claim call 08719181259 identifier code xxxxx expires 260305
1,want new video handset 750 anytime network mins half price line rental camcorder reply call 08000930705 delivery tomorrow
1,important customer service announcement call freephone 0800 542 0825
1,freeringtone reply real poly eg real1 1 pushbutton 2 dontcha 3 babygoodbye 4 golddigger 5 webeburnin 1st tone free 6 u join â£3wk
1,free msg get gnarls barkleys crazy ringtone totally free reply go message right
1,refused loan secured unsecured cant get credit call free 0800 195 6669 text back help
1,specially selected receive 3000 award call 08712402050 lines close cost 10ppm 16 tcs apply ag promo
1,valued vodafone customer computer picked win â£150 prize collect easy call 09061743386
1,free video camera phones half price line rental 12 mths 500 cross ntwk mins 100 txts call mobileupd8 08001950382 call2optout674
1,great new offer double mins double txt best orange tariffs get latest camera phones 4 free call mobileupd8 free 08000839402 2stoptxt tcs
1,ringtoneking 84484
1,ringtone club gr8 new polys direct mobile every week
1,bank granite issues strongbuy explosive pick members 300 nasdaq symbol cdgt 500 per
1,bored housewives chat n date 08717507711 btnational rate 10pmin landlines
1,tried call reply sms video mobile 750 mins unlimited text free camcorder reply call 08000930705 del thurs
1,2nd time tried contact u u â£400 prize 2 claim easy call 087104711148 10p per minute btnationalrate
1,wan2 win meetgreet westlife 4 u m8 currently tour 1unbreakable 2untamed 3unkempt text 12 3 83049 cost 50p std text
1,please call customer service representative freephone 0808 145 4742 9am11pm guaranteed â£1000 cash â£5000 prize
1,receiving weeks triple echo ringtone shortly enjoy
1,uve selected stay 1 250 top british hotels nothing holiday valued â£350 dial 08712300220 claim national rate call bx526 sw73ss
1,chosen receive â£350 award pls call claim number 09066364311 collect award selected receive valued mobile customer
1,please call customer service representative freephone 0808 145 4742 9am11pm guaranteed â£1000 cash â£5000 prize
1,win â£1000 cash prize prize worth â£5000
1,thanks ringtone order reference number x49your mobile charged 450 tone arrive please call customer services 09065989182
1,moby pub quizwin â£100 high street prize u know new duchess cornwall txt first name 82277unsub stop â£150 008704050406 sp
1,weeks savamob member offers accessible call 08709501522 details savamob pobox 139 la3 2wu â£150week savamob offers mobile
1,contacted dating service someone know find call mobile landline 09064017305 pobox75ldns7
1,tbspersolvo chasing us since sept forâ£38 definitely paying thanks information ignore kath manchester
1,loans purpose even bad credit tenants welcome call noworriesloanscom 08717111821
1,87077 kick new season 2wks free goals news ur mobile txt ur club name 87077 eg villa 87077
1,orange brings ringtones time chart heroes free hit week go ringtones pics wap stop receiving tips reply stop
1,private 2003 account statement 07973788240 shows 800 unredeemed points call 08715203649 identifier code 40533 expires 311004
1,tried call reply sms video mobile 750 mins unlimited text free camcorder reply call 08000930705
1,gsoh good spam ladiesu could b male gigolo 2 join uks fastest growing mens club reply oncall mjzgroup 087143423992stop reply stop msgâ£150rcvd
1,u secret admirer looking 2 make contact ufind rreveal thinks ur specialcall 09058094599
1,hot live fantasies call 08707500020 20p per min ntt ltd po box 1327 croydon cr9 5wb 0870 national rate call
1,urgent mobile number awarded ukp2000 prize guaranteed call 09061790125 landline claim 3030 valid 12hrs 150ppm
1,spjanuary male sale hot gay chat cheaper call 08709222922 national rate 15pmin cheap 78pmin peak stop texts call 08712460324 10pmin
1,freemsg todays day ready im horny live town love sex fun games netcollex ltd 08700621170150p per msg reply stop end
1,simpsons movie released july 2007 name band died start film agreen day bblue day cred day send b c
1,please call amanda regard renewing upgrading current tmobile handset free charge offer ends today tel 0845 021 3680 subject ts cs
1,urgent 4 costa del sol holiday â£5000 await collection call 09050090044 toclaim sae tc pobox334 stockport sk38xh costâ£150pm max10mins
1,want new video phone 750 anytime network mins half price line rental free text 3 months reply call 08000930705 free delivery
1,mobile 11 months u r entitled update latest colour mobiles camera free call mobile update co free 08002986030
1,dear voucher holder claim weeks offer pc please go httpwwwwtlpcouktext tscs apply
1,congrats nokia 3650 video camera phone call 09066382422 calls cost 150ppm ave call 3mins vary mobiles 16 close 300603 post bcm4284 ldn wc1n3xx
1,urgent please call 0906346330 abta complimentary 4 spanish holiday â£10000 cash await collection sae tcs box 47 po19 2ez 150ppm 18
1,double mins txts 4 6months free bluetooth orange available sony nokia motorola phones call mobileupd8 08000839402 call2optoutn9dx
1,free 1st week no1 nokia tone 4 ur mob every week txt nokia 8007 get txting tell ur mates wwwgetzedcouk pobox 36504 w45wq norm150ptone 16
1,want funk ur fone weekly new tone reply tones2u 2 text wwwringtonescouk original n best tones 3gbp network operator rates apply
1,cmon babe make horny turn txt fantasy babe im hot sticky need replies cost â£150 2 cancel send stop
1,important information 4 orange user 0796xxxxxx today ur lucky day2 find log onto httpwwwurawinnercom theres fantastic prizeawaiting
1,missed call alert numbers called left message 07008009200
1,freemsg records indicate may entitled 3750 pounds accident claim free reply yes msg opt text stop
1,u win â£100 music gift vouchers every week starting txt word draw 87066 tscs wwwidewcom skillgame 1winaweek age16 150ppermesssubscription
1,show ur colours euro 2004 241 offer get england flag 3lions tone ur phone click following service message info
1,text pass 69669 collect polyphonic ringtones normal gprs charges apply enjoy tones
1,accordingly repeat text word ok mobile phone send
1,block breaker comes deluxe format new features great graphics tmobile buy â£5 replying get bbdeluxe take challenge
1,important information 4 orange user today lucky day2find log onto httpwwwurawinnercom theres fantastic surprise awaiting
1,natalja 25f inviting friend reply yes440 no440 see wwwsmsacunat27081980 stop send stop frnd 62468
1,urgent important information 02 user today lucky day 2 find log onto httpwwwurawinnercom fantastic surprise awaiting
1,winner valued network customer selected receivea â£900 prize reward claim call 09061701461 claim code kl341 valid 12 hours
1,kit strip billed 150p netcollex ltd po box 1013 ig11 oja
1,hmv bonus special 500 pounds genuine hmv vouchers answer 4 easy questions play send hmv 86688 infowww100percentrealcom
1,please call 08712402578 immediately urgent message waiting
1,thesmszonecom lets send free anonymous masked messagesim sending message theredo see potential abuse
1,well done 4 costa del sol holiday â£5000 await collection call 09050090044 toclaim sae tcs pobox334 stockport sk38xh costâ£150pm max10mins
1,someone u know asked dating service 2 contact cant guess call 09058091854 revealed po box385 m6 6wu
1,congrats 2 mobile 3g videophones r call 09061744553 videochat wid ur mates play java games dload polyh music noline rentl bx420 ip4 5we 150pm
1,u 447801259231 secret admirer looking 2 make contact ufind rreveal thinks ur specialcall 09058094597
1,important information 4 orange user 0789xxxxxxx today lucky day2find log onto httpwwwurawinnercom theres fantastic surprise awaiting
1,dating service asked 2 contact u someone shy call 09058091870 revealed pobox84 m26 3uz 150p
1,want new video handset 750 time network mins unlimited text camcorder reply call 08000930705 del sat
1,ur balance â£600 next question complete landmark big bob b barry c ben text b c 83738 good luck
1,ur tonexs subscription renewed charged â£450 choose 10 polys month wwwclubzedcouk billing msg
1,dont prize go another customer tc wwwtcbiz 18 150pmin polo ltd suite 373 london w1j 6hl please call back busy
1,want new nokia 3510i colour phone delivered tomorrow 200 free minutes mobile 100 free text free camcorder reply call 8000930705
1,recpt 13 ordered ringtone order processed
1,one registered subscribers u enter draw 4 100 gb gift voucher replying enter unsubscribe text stop
1,chance win free bluetooth headset simply reply back adp
1,dont b floppy b snappy happy gay chat service photo upload call 08718730666 10pmin 2 stop texts call 08712460324
1,urgent ur awarded complimentary trip eurodisinc trav acoentry41 â£1000 claim txt dis 87121 186â£150morefrmmob shracomorsglsuplt10 ls1 3aj
1,welcome ukmobiledate msg free giving free calling 08719839835 future mgs billed 150p daily cancel send go stop 89123
1,3 received mobile content enjoy
1,want explicit sex 30 secs ring 02073162414 costs 20pmin
1,latest nokia mobile ipod mp3 player â£400 proze guaranteed reply win 83355 norcorp ltdâ£150mtmsgrcvd18
1,sms services inclusive text credits pls goto wwwcomuknet login 3qxj9 unsubscribe stop extra charge help 08702840625comuk 220cm2 9ae
1,mobile club choose top quality items mobile 7cfca1a
1,money wining number 946 wot next
1,congrats 2 mobile 3g videophones r call 09061744553 videochat wid ur mates play java games dload polyh music noline rentl bx420 ip4 5we 150pm
1,want cock hubbys away need real man 2 satisfy txt wife 89938 strings action txt stop 2 end txt rec â£150ea otbox 731 la1 7ws
1,gr8 new service live sex video chat mob see sexiest dirtiest girls live ur phone 4 details text horny 89070 cancel send stop 89070
1,freemsg hi baby wow got new cam moby wanna c hot pic fancy chatim w8in 4utxt rply chat 82242 hlp 08712317606 msg150p 2rcv
1,wanna laugh try chitchat mobile logon txting word chat send 8883 cm po box 4217 london w1a 6zf 16 118pmsg rcvd
1,urgent 2nd attempt contact uu â£1000call 09071512432 b4 300603tcsbcm4235wc1n3xxcallcost150ppmmobilesvary maxâ£7 50
1,congratulations ur awarded 500 cd vouchers 125gift guaranteed free entry 2 100 wkly draw txt music 87066
1,contract mobile 11 mnths latest motorola nokia etc free double mins text orange tariffs text yes callback remove records
1,urgent call 09066350750 landline complimentary 4 ibiza holiday 10000 cash await collection sae tcs po box 434 sk3 8wp 150 ppm 18
1,ur chance win â£250 wkly shopping spree txt shop 80878 tscs wwwtxt2shopcom custcare 08715705022 1x150pwk
1,u secret admirer looking 2 make contact ufind rreveal thinks ur specialcall 09065171142stopsms08718727870150ppm
1,mila age23 blonde new uk look sex uk guys u like fun text mtalk 6986618 30pptxt 1st 5free â£150 increments help08718728876
1,well done england get official poly ringtone colour flag yer mobile text tone flag 84199 optout txt eng stop box39822 w111wx â£150
1,freemsg txt call 86888 claim reward 3 hours talk time use phone subscribe6gbpmnth inc 3hrs 16 stoptxtstop
1,sunshine quiz win super sony dvd recorder canname capital australia text mquiz 82277 b
1,please call customer service representative 0800 169 6031 10am9pm guaranteed â£1000 cash â£5000 prize
1,todays voda numbers ending 7634 selected receive â£350 reward match please call 08712300220 quoting claim code 7684 standard rates apply
1,ripped get mobile content wwwclubmobycom call 08717509990 polytruepixringtonesgames six downloads 3
1,tried contact reply offer video phone 750 anytime network mins half price line rental camcorder reply call 08000930705
1,â£400 xmas reward waiting computer randomly picked loyal mobile customers receive â£400 reward call 09066380611
1,private 2003 account statement shows 800 unredeemed points call 08718738002 identifier code 48922 expires 211104
1,customer service announcement recently tried make delivery unable please call 07099833605 reschedule ref9280114
1,hi babe chloe r u smashed saturday night great weekend u missing sp visionsmscom text stop stop 150ptext
1,urgent mobile 07808726822 awarded â£2000 bonus caller prize 020903 2nd attempt contact call 08718729758 box95qu
1,win winner mr foley ipod exciting prizes soon keep eye ur mobile visit wwwwin82050couk
1,free game get rayman golf 4 free o2 games arcade 1st get ur games settings reply post save activ8 press 0 key arcade termsapply
1,mobile 10 mths update latest cameravideo phones free keep ur number get extra free minstexts text yes call
1,buy space invaders 4 chance 2 win orig arcade game console press 0 games arcade std wap charge see o2coukgames 4 terms settings purchase
1,camera awarded sipix digital camera call 09061221066 fromm landline delivery within 28 days
1,weekly coolmob tones ready download weeks new tones include 1 crazy frogaxel f 2 akonlonely 3 black eyeddont p info n
1,cashbincouk get lots cash weekend wwwcashbincouk dear welcome weekend got biggest best ever cash give away
1,urgent mobile number awarded â£2000 prize guaranteed call 09061790121 land line claim 3030 valid 12hrs 150ppm
1,thanks 4 continued support question week enter u in2 draw 4 â£100 cash name new us president txt ans 80082
1,unique user id 1172 removal send stop 87239 customer services 08708034412
1,urgent call 09066649731from landline complimentary 4 ibiza holiday â£10000 cash await collection sae tcs po box 434 sk3 8wp 150ppm 18
1,urgent 2nd attempt contact u â£900 prize yesterday still awaiting collection claim call 09061702893
1,santa calling would little ones like call santa xmas eve call 09077818151 book time calls150ppm last 3mins 30s tc wwwsantacallingcom
1,private 2004 account statement 0784987 shows 786 unredeemed bonus points claim call 08719180219 identifier code 45239 expires 060505
1,check choose babe videos smsshsexnetun fgkslpopw fgkslpo
1,u r winner u ave specially selected 2 receive â£1000 cash 4 holiday flights inc speak live operator 2 claim 0871277810710pmin 18
1,new mobiles 2004 must go txt nokia 89545 collect today â£1 www4tcbiz 2optout 08718726270150gbpmtmsg18 txtauction
1,private 2003 account statement shows 800 unredeemed points call 08715203652 identifier code 42810 expires 29100
1,valued vodafone customer computer picked win â£150 prize collect easy call 09061743386
1,free messagethanks using auction subscription service 18 150pmsgrcvd 2 skip auction txt 2 unsubscribe txt stop customercare 08718726270
1,bored housewives chat n date 08717507711 btnational rate 10pmin landlines
1,lyricalladie21f inviting friend reply yes910 no910 see wwwsmsacuhmmross stop send stop frnd 62468
1,1 polyphonic tone 4 ur mob every week txt pt2 87575 1st tone free get txtin tell ur friends 150ptone 16 reply hl 4info
1,todays vodafone numbers ending 4882 selected receive â£350 award number matches call 09064019014 receive â£350 award
1,want latest video handset 750 anytime network mins half price line rental reply call 08000930705 delivery tomorrow
1,ou guaranteed latest nokia phone 40gb ipod mp3 player â£500 prize txt word collect 83355 ibhltd ldnw15h 150pmtmsgrcvd18
1,free polyphonic ringtone text super 87131 get free poly tone week 16 sn pobox202 nr31 7zs subscription 450pw
1,warner village 83118 c colin farrell swat wkend warner village get 1 free med popcornjust show msgticketkioskvalid 4712 c tc kiosk reply sony 4 mre film offers
1,goal arsenal 4 henry 7 v liverpool 2 henry scores simple shot 6 yards pass bergkamp give arsenal 2 goal margin 78 mins
1,2nd time tried 2 contact u u 750 pound prize 2 claim easy call 08712101358 10p per min btnationalrate
1,got takes 2 take part wrc rally oz u lucozade energy text rally le 61200 25p see packs lucozadecoukwrc itcould u
1,hi sexychat girls waiting text text great night chatting send stop stop service
1,great news call freefone 08006344447 claim guaranteed â£1000 cash â£2000 gift speak live operator
1,hi amy sending free phone number couple days give access adult parties
1,welcome select o2 service added benefits call specially trained advisors free mobile dialling 402
1,dear voucher holder next meal us use following link pc 2 enjoy 2 4 1 dining experiencehttpwwwvouch4mecometlpdiningasp
1,urgent trying contact u todays draw shows â£2000 prize guaranteed call 09058094507 land line claim 3030 valid 12hrs
1,donate â£250 unicefs asian tsunami disaster support fund texting donate 864233 â£250 added next bill
1,goldviking 29m inviting friend reply yes762 no762 see wwwsmsacugoldviking stop send stop frnd 62468
1,phony â£350 award todays voda numbers ending xxxx selected receive â£350 award match please call 08712300220 quoting claim code 3100 standard rates app
1,cds 4u congratulations ur awarded â£500 cd gift vouchers â£125 gift guaranteed freeentry 2 â£100 wkly draw xt music 87066 tncs wwwldewcom1win150ppmx3age16
1,guaranteed â£1000 cash â£2000 prize claim yr prize call customer service representative 08714712412 10am7pm cost 10p
1,dear 0776xxxxxxx uve invited xchat final attempt contact u txt chat 86688 150pmsgrcvdhgsuite3422landsroww1j6hl ldn 18yrs
1,ur cashbalance currently 500 pounds maximize ur cashin send go 86688 150pmeg cc 08718720201 hgsuite3422lands roww1j6hl
1,private 2003 account statement shows 800 unredeemed sim points call 08715203685 identifier code4xx26 expires 131004
1,id like tell deepest darkest fantasies call 09094646631 60pmin stop texts call 08712460324 nat rate
1,wont believe true incredible txts reply g learn truly amazing things blow mind o2fwd 18ptxt
1,natalie 20f inviting friend reply yes165 no165 see wwwsmsacunatalie2k9 stop send stop frnd 62468
1,jamster get free wallpaper text heart 88888 tc apply 16 need help call 08701213186
1,double mins double txt 12 price linerental latest orange bluetooth mobiles call mobileupd8 latest offers 08000839402 call2optoutlf56
1,free video camera phones half price line rental 12 mths 500 cross ntwk mins 100 txts call mobileupd8 08001950382 call2optout674
1,83039 62735â£450 uk break accommodationvouchers terms conditions apply 2 claim mustprovide claim number 15541
1,5p 4 alfie moons children need song ur mob tell ur m8s txt tone charity 8007 nokias poly charity polys zed 08701417012 profit 2 charity
1,win â£200 shopping spree every week starting 2 play text store 88039 skilgme tscs08714740323 1winawk age16 â£150perweeksub
1,2nd attempt contract u weeks top prize either â£1000 cash â£200 prize call 09066361921
1,want new nokia 3510i colour phone deliveredtomorrow 300 free minutes mobile 100 free texts free camcorder reply call 08000930705
1,themobhit link get premium pink panther game new 1 sugababes crazy zebra animation badass hoody wallpaperall 4 free
1,msg mobile content order resent previous attempt failed due network error queries customersqueriesnetvisionukcom
1,1 new message please call 08715205273
1,december mobile 11mths entitled update latest colour camera mobile free call mobile update vco free 08002986906
1,get 3 lions england tone reply lionm 4 mono lionp 4 poly 4 go 2 wwwringtonescouk original n best tones 3gbp network operator rates apply
1,private 2003 account statement 078
1,4 costa del sol holiday â£5000 await collection call 09050090044 toclaim sae tc pobox334 stockport sk38xh costâ£150pm max10mins
1,free 1st week no1 nokia tone 4 ur mobile every week txt nokia 8077 get txting tell ur mates wwwgetzedcouk pobox 36504 w45wq 16 norm150ptone
1,get garden ready summer free selection summer bulbs seeds worth â£3350 scotsman saturday stop go2 notxtcouk
1,congrats 2 mobile 3g videophones r call 09063458130 videochat wid ur mates play java games dload polyph music noline rentl bx420 ip4 5we 150p
1,sms auction brand new nokia 7250 4 auction today auction free 2 join take part txt nokia 86021
1,ree entry 2 weekly comp chance win ipod txt pod 80182 get entry std txt rate tcs apply 08452810073 details 18
1,records indicate u maybe entitled 5000 pounds compensation accident claim 4 free reply claim msg 2 stop txt stop
1,spook mob halloween collection logo pic message plus free eerie tone txt card spook 8007 zed 08701417012150p per logopic
1,call germany 1 pence per minute call fixed line via access number 0844 861 85 85 prepayment direct access wwwtelediscountcouk
1,4 costa del sol holiday â£5000 await collection call 09050090044 toclaim sae tc pobox334 stockport sk38xh costâ£150pm max10mins
1,mobile 11mths update free oranges latest colour camera mobiles unlimited weekend calls call mobile upd8 freefone 08000839402 2stoptxt
1,natalja 25f inviting friend reply yes440 no440 see wwwsmsacunat27081980 stop send stop frnd 62468
1,private 2003 account statement fone shows 800 unredeemed points call 08715203656 identifier code 42049 expires 261004
1,chosen receive â£350 award pls call claim number 09066364311 collect award selected receive valued mobile customer
1,someonone know trying contact via dating service find could call mobile landline 09064015307 box334sk38ch
1,urgent please call 09061213237 landline â£5000 cash 4 holiday await collection cs sae po box 177 m227xy 16
1,dont prize go another customer tc wwwtcbiz 18 150pmin polo ltd suite 373 london w1j 6hl please call back busy
1,urgent mobile number awarded â£2000 prize guaranteed call 09061790126 land line claim 3030 valid 12hrs 150ppm
1,urgent 1 week free membership â£100000 prize jackpot txt word claim 81010 tc wwwdbuknet lccltd pobox 4403ldnw1a7rw18
1,urgent please call 09061213237 landline â£5000 cash luxury 4 canary islands holiday await collection tcs sae po box 177 m227xy 150ppm 16
1,xmas iscoming ur awarded either â£500 cd gift vouchers free entry 2 r â£100 weekly draw txt music 87066 tnc wwwldewcom1win150ppmx3age16subscription
1,get official england poly ringtone colour flag yer mobile tonights game text tone flag 84199 optout txt eng stop box39822 w111wx â£150
1,u r subscribed 2 textcomp 250 wkly comp 1st wks free question follows subsequent wks charged150pmsg2 unsubscribe txt stop 2 84128custcare 08712405020
1,call 09095350301 send girls erotic ecstacy 60pmin stop texts call 08712460324 nat rate
1,camera awarded sipix digital camera call 09061221066 fromm landline delivery within 28 days
1,â£400 xmas reward waiting computer randomly picked loyal mobile customers receive â£400 reward call 09066380611
1,important message final contact attempt important messages waiting customer claims dept expires 13404 call 08717507382
1,datingi two started sent text talk sport radio last week connection think coincidence
1,current leading bid 151 pause auction send customer care 08718726270
1,free entry gr8prizes wkly comp 4 chance win latest nokia 8800 psp â£250 cash every wktxt great 80878 httpwwwgr8prizescom 08715705022
1,1 new message call 02070836089
1,santa calling would little ones like call santa xmas eve call 09058094583 book time
1,guaranteed 32000 award maybe even â£1000 cash claim ur award call free 0800 18 legitimat efreefone number wat u think
1,latest news police station toilet stolen cops nothing go
1,sparkling shopping breaks 45 per person call 0121 2025050 visit wwwshortbreaksorguk
1,december mobile 11mths entitled update latest colour camera mobile free call mobile update co free 08002986906
1,txt call 86888 claim reward 3 hours talk time use phone subscribe6gbpmnth inc 3hrs 16 stoptxtstop wwwgambtv
1,httptms widelivecomindex wmlid820554ad0a1705572711firsttrueâ¡c c ringtoneâ¡
1,get garden ready summer free selection summer bulbs seeds worth â£3350 scotsman saturday stop go2 notxtcouk
1,urgent last weekends draw shows â£1000 cash spanish holiday call 09050000332 claim tc rstm sw7 3ss 150ppm
1,urgent trying contact last weekends draw shows u â£1000 prize guaranteed call 09064017295 claim code k52 valid 12hrs 150p pm
1,2p per min call germany 08448350055 bt line 2p per min check planettalkinstantcom info ts cs text stop opt
1,marvel mobile play official ultimate spiderman game â£450 ur mobile right text spider 83338 game send u free 8ball wallpaper
1,sms services inclusive text credits pls goto wwwcomuknet login 3qxj9 unsubscribe stop extra charge help 08702840625comuk 220cm2 9ae
1,private 2003 account statement 07808247860 shows 800 unredeemed points call 08719899229 identifier code 40411 expires 061104
1,awarded sipix digital camera call 09061221061 landline delivery within 28days cs box177 m221bp 2yr warranty 150ppm 16 p pâ£399
1,private 2003 account statement shows 800 unredeemed sim points call 08718738001 identifier code 49557 expires 261104
1,want explicit sex 30 secs ring 02073162414 costs 20pmin gsex pobox 2667 wc1n 3xx
1,asked 3mobile 0870 chatlines inclu free mins india cust servs sed yes l8er got mega bill 3 dont giv shit bailiff due days â£250 3 want â£800
1,contract mobile 11 mnths latest motorola nokia etc free double mins text orange tariffs text yes callback remove records
1,reminder o2 get 250 pounds free call credit details great offers pls reply 2 text valid name house postcode
1,2nd time tried 2 contact u u â£750 pound prize 2 claim easy call 087187272008 now1 10p per minute btnationalrate
